PhysicalDataID,Sampling number,Station,Date,Time,Date/Time,Invertebrate Catch ID,Invertebrate Data ID,Condition Code,Set Time,Flow Meter Speed,Flow Meter Start,Flow Meter End,Lab Comments,Field Comments
192,45729,SHR,05/05/2003,9:01:01,05/05/2003 9:01:01,,188,,10,Regular,800947,800998,,
116,45288,STTD,05/13/1998,0:00:00,05/13/1998 0:00:00,,130,,,,,,,
53,45294,SHR,02/16/1999,10:01:01,02/16/1999 10:01:01,,3,1,30,Regular,302638,440974,,drift sample  SHRD0001
7,45342,STTD,03/16/1999,10:01:01,03/16/1999 10:01:01,,18,1,30,Regular,228528,286170,,STTDD 009   End Meter reading was estimated from the 10mins reading (x3 for 30mins) NI
39,45354,SHR,03/24/1999,7:44:01,03/24/1999 7:44:01,,9,1,30,Regular,272231,288650,,SHRD 011   End Meter reading was estimated from the 10mins reading (x3 for 30mins) NI
62,45492,STTD,03/21/2000,8:45:01,03/21/2000 8:45:01,,30,,30,Regular,907936,933226,,windy (LR 4/9/13)
81,45516,SHR,02/28/2001,16:54:01,02/28/2001 16:54:01,,60,1,30,Regular,648177,652914,,Flowmeter based on Larval sample multiplied by 3
83,45528,STTD,03/19/2001,9:33:01,03/19/2001 9:33:01,,53,2,10,Regular,324997,325007,,Short set due to heavy debris
87,45540,SHR,04/24/2001,10:45:01,04/24/2001 10:45:01,,63,1,30,Regular,685667,687599,,
148,45579,SHR,01/29/2002,8:40:01,01/29/2002 8:40:01,,142,,30,Regular,442426,445681,,use 3x's zoop net meter
77,45519,STTD,03/15/2001,10:15:01,03/15/2001 10:15:01,,52,1,15,Regular,649240,685486,,Large amount of debris - shorter sample time - Used Larval flowmeter
71,45501,STTD,01/30/2001,11:01:01,01/30/2001 11:01:01,,49,,30,Regular,278387,287918,,Flowmeter #:B11158
61,45483,STTD,03/15/2000,11:37:01,03/15/2000 11:37:01,,29,,30,Regular,825502,845914,,YD00-006
59,45465,STTD,02/16/2000,10:04:01,02/16/2000 10:04:01,,46,,5,Regular,57950,59530,,
31,45375,STTD,04/01/1999,9:28:01,04/01/1999 9:28:01,,20,1,30,Regular,336720,412542,,STTDD 014   End Meter reading was estimated from the 10mins reading (x3 for 30mins) NI
37,45345,SHR,03/16/1999,7:56:01,03/16/1999 7:56:01,,8,1,30,Regular,219700,246172,,SHRD 009   End Meter reading was estimated from the 10mins reading (x3 for 30mins) NI
28,45333,STTD,03/09/1999,9:45:01,03/09/1999 9:45:01,,16,1,30,Regular,170556,228897,,STTDD 007   End Meter reading was estimated from the 10mins reading (x3 for 30mins) NI
106,45231,STTD,02/04/1998,11:21:01,02/04/1998 11:21:01,,120,1,30,Regular,327408,369774,,
97,45246,SHR,02/24/1998,10:03:01,02/24/1998 10:03:01,,111,,30,Regular,240948,301198,,
608,45798,STTD,04/09/2004,14:55:01,04/09/2004 14:55:01,,630,,10,Regular,181304,192008,,
410,45882,SHR,03/08/2005,10:47:01,03/08/2005 10:47:01,,377,1,10,Low,506176,508851,,Low flow meter
1381,47430,STTD,02/16/2017,11:50:01,02/16/2017 11:50:01,,805,1,5,Regular,500000,512780,,high flow
1412,47520,STTD,05/30/2017,11:05:01,05/30/2017 11:05:01,,825,1,10,Regular,782000,788147,,Ebb tide stationally from RSTR
1424,47556,SHR,08/15/2017,9:36:01,08/15/2017 9:36:01,,833,1,10,Low,782232,789000,,
1468,47568,SHR,09/12/2017,10:15:01,09/12/2017 10:15:01,,864,1,10,Low,767975,774444,,
1551,47628,STTD,01/17/2018,9:45:01,01/17/2018 9:45:01,,890,1,10,Low,697095,700000,,Ebb tide collected from rotary screw trap
1572,47664,STTD,04/10/2018,11:01:01,04/10/2018 11:01:01,,904,2,5,Regular,656000,660722,,lots of debris (might have lost sample when sorting)
1576,47670,SHR,04/24/2018,10:50:01,04/24/2018 10:50:01,,905,1,10,Regular,670000,679837,,
1856,47820,STTD,03/28/2019,10:01:01,03/28/2019 10:01:01,,958,1,5,Regular,702400,719000,,"High flow, 5 min set"
1862,47832,STTD,04/08/2019,9:56:01,04/08/2019 9:56:01,,962,2,1,Regular,776110,779567,,debris too heavy for 5 min tow (clogged excessively)
346,46026,SHR,05/16/2006,14:01:01,05/16/2006 14:01:01,,321,1,10,Regular,726662,737160,,
319,46050,STTD,02/28/2007,11:01:01,02/28/2007 11:01:01,,298,,10,Regular,24746,26070,,
241,46128,STTD,03/12/2008,10:01:01,03/12/2008 10:01:01,,219,1,10,Regular,90407,100204,,
271,46146,SHR,04/23/2008,9:35:01,04/23/2008 9:35:01,,253,1,10,Regular,115493,115503,,
273,46152,SHR,05/07/2008,9:20:01,05/07/2008 9:20:01,,255,1,10,Regular,115895,115909,,
258,46224,SHR,05/07/2009,9:19:01,05/07/2009 9:19:01,,235,,10,Low,116824,120529,,
286,46260,SHR,01/21/2010,9:10:01,01/21/2010 9:10:01,,268,1,10,Regular,95808,102194,,"EC, was fluctuating, 70-100 possily due to low flow"
311,46332,STTD,05/27/2010,9:36:01,05/27/2010 9:36:01,,292,1,10,Low,215924,219485,,
477,46422,SHR,06/29/2011,8:35:01,06/29/2011 8:35:01,,441,1,10,Regular,90789,97519,,
555,46452,SHR,09/07/2011,8:18:01,09/07/2011 8:18:01,,468,1,10,Regular,145000,149447,,regular flow meter (unless it's noted)
578,46524,STTD,02/23/2012,9:03:01,02/23/2012 9:03:01,,491,1,10,Low,958189,962730,,
581,46536,SHR,03/22/2012,7:54:01,03/22/2012 7:54:01,,494,1,10,Low,953317,955640,,
593,46566,STTD,05/31/2012,8:28:01,05/31/2012 8:28:01,,506,1,10,Low,916728,920000,,
684,46710,SHR,02/27/2013,8:20:01,02/27/2013 8:20:01,,562,1,10,Low,917947,920000,,
697,46740,SHR,04/15/2013,8:10:01,04/15/2013 8:10:01,,578,1,10,Low,894225,895000,,
784,46872,SHR,02/24/2014,9:10:01,02/24/2014 9:10:01,,632,2,10,Low,726632,727000,,sample collected at SHR dock. Flood tide slow current
792,46890,SHR,04/07/2014,14:34:01,04/07/2014 14:34:01,,637,1,10,Low,716989,718000,,
843,47004,STTD,12/30/2014,10:52:01,12/30/2014 10:52:01,,678,1,10,Low,534900,538669,,"Anchored, very fast flow"
854,47028,SHR,02/18/2015,9:27:01,02/18/2015 9:27:01,,688,1,10,Low,505286,512000,,
1091,47088,SHR,07/14/2015,8:50:01,07/14/2015 8:50:01,,709,1,10,Low,967785,971000,,
1096,47094,STTD,07/28/2015,8:45:01,07/28/2015 8:45:01,,711,1,10,Low,960809,964000,,Ebb tide from RSTR and anchored to shore
1172,47172,SHR,01/13/2016,9:14:01,01/13/2016 9:14:01,,736,1,10,Low,864471,870000,,
1188,47196,SHR,03/08/2016,7:47:01,03/08/2016 7:47:01,,749,1,10,Low,922674,928000,,
1203,47232,SHR,05/05/2016,8:53:01,05/05/2016 8:53:01,,757,1,10,Regular,149000,149618,,
1227,47262,STTD,07/07/2016,10:25:01,07/07/2016 10:25:01,,768,1,10,Regular,221000,223830,,EBB TIDE FROM THE TRAP
170,45654,SHR,06/19/2002,8:25:01,06/19/2002 8:25:01,,165,,30,Regular,551849,562292,,
203,45672,STTD,01/13/2003,12:01:01,01/13/2003 12:01:01,,172,,10,Regular,503690,652824,,
182,45690,STTD,01/31/2003,11:30:01,01/31/2003 11:30:01,,178,,10,Regular,624114,648018,,
1565,47661,SHR,03/29/2018,8:57:01,03/29/2018 8:57:01,,900,1,10,Low,655580,659000,,
1348,47289,SHR,09/12/2016,8:30:01,09/12/2016 8:30:01,,784,1,10,Low,300315,307000,,
1273,47277,SHR,08/15/2016,9:05:01,08/15/2016 9:05:01,,771,1,10,Regular,268000,285560,,
1219,47259,SHR,07/06/2016,8:25:01,07/06/2016 8:25:01,,765,1,10,Regular,211000,220989,,motor used
1167,47169,STTD,01/12/2016,9:40:01,01/12/2016 9:40:01,,733,1,10,Low,870419,874000,,
1174,47163,SHR,12/22/2015,9:10:01,12/22/2015 9:10:01,,738,1,10,Low,876862,883000,,
1101,47115,STTD,09/01/2015,10:38:01,09/01/2015 10:38:01,,715,1,10,Low,943686,948000,,ebb- Anchored
1112,47109,STTD,08/18/2015,9:30:01,08/18/2015 9:30:01,,716,1,10,Low,945480,950000,,"High tide, jet boat motor used"
1054,47055,SHR,04/17/2015,9:15:01,04/17/2015 9:15:01,,696,1,10,Low,445773,450000,,
1382,47433,STTD,02/22/2017,9:30:01,02/22/2017 9:30:01,,806,1,3,Regular,525000,532648,,"too much surface debris, had to redo and set for only 3 mins"
1693,47727,SHR,08/23/2018,8:55:01,08/23/2018 8:55:01,,925,1,10,Low,594939,603000,,lots of leaves/debris in sample
1612,47697,SHR,06/13/2018,9:40:01,06/13/2018 9:40:01,,914,1,10,Low,648494,653000,,
1611,47691,STTD,05/30/2018,11:40:01,05/30/2018 11:40:01,,913,1,10,Low,655864,658600,,
724,46803,SHR,09/16/2013,9:40:01,09/16/2013 9:40:01,,603,1,10,Low,812068,816600,,
717,46797,SHR,09/04/2013,9:46:01,09/04/2013 9:46:01,,598,1,10,Low,821096,826000,,
712,46779,SHR,07/25/2013,12:01:01,07/25/2013 12:01:01,,593,1,10,Low,845375,850566,,
256,46215,STTD,04/23/2009,11:20:01,04/23/2009 11:20:01,,233,1,10,Low,120519,123786,,
250,46197,STTD,03/12/2009,11:15:01,03/12/2009 11:15:01,,227,1,10,Regular,122493,135095,,
259,46131,STTD,03/26/2008,11:30:01,03/26/2008 11:30:01,,250,1,10,Regular,100232,107737,,
233,46125,SHR,03/12/2008,10:01:01,03/12/2008 10:01:01,,217,1,10,Regular,90332,90395,,
225,46113,STTD,02/13/2008,11:45:01,02/13/2008 11:45:01,,247,,10,Regular,49823,71154,,
239,46101,STTD,01/16/2008,11:40:01,01/16/2008 11:40:01,,243,1,10,Low,19811,19817,,
333,46089,STTD,06/06/2007,12:01:01,06/06/2007 12:01:01,,311,1,10,Regular,27639,27711,,
331,46083,STTD,05/21/2007,10:45:01,05/21/2007 10:45:01,,309,1,10,Regular,19924,19960,,
329,46077,STTD,05/09/2007,11:45:01,05/09/2007 11:45:01,,307,1,10,Regular,14757,19927,,
583,46551,STTD,05/02/2012,10:01:01,05/02/2012 10:01:01,,496,1,10,Low,923737,927500,,
582,46533,STTD,03/22/2012,10:04:01,03/22/2012 10:04:01,,495,1,10,Low,948565,953300,,
561,46473,STTD,11/02/2011,10:12:01,11/02/2011 10:12:01,,474,1,10,Regular,213000,219771,,Regular Flow Meter
558,46467,STTD,10/19/2011,10:30:01,10/19/2011 10:30:01,,471,1,10,Regular,196802,205893,,Regular flow meter speed
505,46455,STTD,09/20/2011,10:24:01,09/20/2011 10:24:01,,464,1,10,Regular,172000,176489,,Regular flow meter speed
480,46431,STTD,07/26/2011,10:06:01,07/26/2011 10:06:01,,443,1,10,Regular,119091,124330,,
309,46323,STTD,05/13/2010,11:05:01,05/13/2010 11:05:01,,290,1,10,Low,219514,225035,,
850,47019,SHR,02/03/2015,9:30:01,02/03/2015 9:30:01,,685,1,10,Low,522593,527000,,
816,46923,STTD,07/10/2014,10:53:01,07/10/2014 10:53:01,,652,1,10,Low,664372,667000,,Ebb tide. Anchor used (no motor)
805,46911,STTD,06/09/2014,9:15:01,06/09/2014 9:15:01,,645,1,10,Low,684740,687000,,ebb tide sampled from screw trap
354,46011,STTD,04/13/2006,11:12:01,04/13/2006 11:12:01,,325,1,10,Regular,658090,686481,,
360,45999,STTD,03/23/2006,11:10:01,03/23/2006 11:10:01,,329,,10,Regular,580282,602921,,
364,45987,STTD,03/08/2006,10:38:01,03/08/2006 10:38:01,,333,1,10,Regular,514937,542528,,
374,45963,STTD,01/26/2006,12:01:01,01/26/2006 12:01:01,,341,,10,Regular,425857,433335,,
439,45939,STTD,06/03/2005,12:01:01,06/03/2005 12:01:01,,406,1,10,Regular,287495,294661,,
198,45747,SHR,06/11/2003,8:38:01,06/11/2003 8:38:01,,194,,10,Regular,838208,839736,,
184,45705,SHR,03/05/2003,9:24:01,03/05/2003 9:24:01,,180,,10,Regular,750518,757069,,
134,45639,STTD,05/30/2002,11:01:01,05/30/2002 11:01:01,,161,,30,Regular,530116,534733,,
103,45282,SHR,04/08/1998,11:52:01,04/08/1998 11:52:01,,117,,30,Regular,0,51258,,
56,45456,SHR,02/10/2000,11:01:01,02/10/2000 11:01:01,,23,,25,Regular,478222,484217,,
66,45480,SHR,03/08/2000,9:55:01,03/08/2000 9:55:01,,37,,30,Regular,648701,657148,,
67,45486,SHR,03/16/2000,10:51:01,03/16/2000 10:51:01,,44,,30,Regular,890606,898967,,
79,45504,SHR,01/30/2001,13:20:01,01/30/2001 13:20:01,,58,1,30,Regular,831800,841889,,Used Larval flowmeter multiplied by 3
72,45510,STTD,02/16/2001,16:10:01,02/16/2001 16:10:01,,50,,10,Regular,292164,302674,,Large amount of woody debris - shorter sample duration
155,45594,STTD,03/05/2002,10:40:01,03/05/2002 10:40:01,,149,,15,Regular,472772,487792,,1.5x's zoop meter
163,45618,STTD,05/02/2002,11:06:01,05/02/2002 11:06:01,,157,,30,Regular,513110,514304,,flow meter from 10 min zoop
146,45573,SHR,01/24/2002,8:45:01,01/24/2002 8:45:01,,140,,30,Regular,436022,551234,,use 3x's zoop net difference
68,45489,SHR,03/20/2000,10:52:01,03/20/2000 10:52:01,,45,,30,Regular,898950,907928,,
9,45357,STTD,03/24/1999,9:24:01,03/24/1999 9:24:01,,19,1,30,Regular,277707,299340,,STTDD 011   End Meter reading was estimated from the 10mins reading (x3 for 30mins) NI
43,45327,SHR,03/04/1999,7:40:01,03/04/1999 7:40:01,,5,1,30,Regular,135590,167345,,SHRD 006   End Meter reading was estimated from the 10mins reading (x3 for 30mins) NI
40,45309,SHR,02/24/1999,8:23:01,02/24/1999 8:23:01,,4,1,30,Regular,709626,734344,,SHRD 003   Flow Meter # 12972
104,45291,SHR,05/14/1998,11:05:01,05/14/1998 11:05:01,,118,,30,Regular,103585,134544,,
102,45279,SHR,04/01/1998,9:40:01,04/01/1998 9:40:01,,116,,30,Regular,583096,633659,,
94,45228,SHR,02/04/1998,10:30:01,02/04/1998 10:30:01,,108,,30,Regular,294066,341697,,Extapolated counts to 30 minutes ~341697
108,45240,STTD,02/17/1998,10:45:01,02/17/1998 10:45:01,,122,,30,Regular,8981,46793,,
110,45252,STTD,03/04/1998,10:44:01,03/04/1998 10:44:01,,124,,30,Regular,857534,857542,,
422,45909,SHR,04/11/2005,14:30:01,04/11/2005 14:30:01,,389,1,10,Regular,609176,612747,,
389,45855,STTD,01/26/2005,13:40:01,01/26/2005 13:40:01,,356,1,10,Regular,419981,499999,,
610,45807,SHR,04/23/2004,9:15:01,04/23/2004 9:15:01,,625,,10,Regular,210377,210548,,
391,45852,SHR,01/25/2005,9:44:01,01/25/2005 9:44:01,,358,,10,Regular,411206,414044,,
1341,47310,SHR,10/19/2016,10:30:01,10/19/2016 10:30:01,,781,1,10,Low,275175,279000,,MOTOR BOAT USED
1353,47322,SHR,11/18/2016,9:47:01,11/18/2016 9:47:01,,787,1,10,Low,259154,264000,,flooding. Jet boat used
1368,47346,SHR,12/29/2016,8:12:01,12/29/2016 8:12:01,,796,1,10,Regular,289000,295596,,
1374,47370,SHR,01/23/2017,9:45:01,01/23/2017 9:45:01,,800,1,5,Regular,349000,354262,,
1569,47538,STTD,07/06/2017,12:30:01,07/06/2017 12:30:01,,902,1,10,Low,800150,803000,,Ebb from STTD
1421,47544,SHR,07/18/2017,8:42:01,07/18/2017 8:42:01,,830,1,10,Low,798042,800110,,
1422,47550,SHR,08/01/2017,8:55:01,08/01/2017 8:55:01,,831,1,10,Low,790179,795000,,
1520,47580,SHR,10/03/2017,9:48:01,10/03/2017 9:48:01,,871,1,10,Low,752042,757000,,
1537,47604,SHR,11/28/2017,9:30:01,11/28/2017 9:30:01,,879,1,10,Low,723372,728000,,jet motor used
1543,47616,SHR,12/19/2017,9:50:01,12/19/2017 9:50:01,,885,1,10,Low,709419,713956,,
1547,47622,STTD,01/02/2018,10:49:01,01/02/2018 10:49:01,,888,1,10,Low,705392,707000,,500mm net
1687,47724,STTD,08/22/2018,14:33:01,08/22/2018 14:33:01,,924,1,10,Low,602972,609000,,
339,46044,SHR,06/30/2006,8:40:01,06/30/2006 8:40:01,,315,1,10,Regular,770408,772042,,
238,46116,SHR,02/13/2008,9:42:01,02/13/2008 9:42:01,,246,1,10,Regular,49280,49828,,
277,46164,SHR,06/04/2008,9:26:01,06/04/2008 9:26:01,,259,1,10,Regular,118599,118940,,
267,46242,STTD,06/18/2009,9:45:01,06/18/2009 9:45:01,,242,1,10,Low,102856,105300,,
304,46314,STTD,04/12/2010,12:17:01,04/12/2010 12:17:01,,285,1,10,Regular,225472,233144,,
447,46350,STTD,01/26/2011,11:35:01,01/26/2011 11:35:01,,413,1,10,Regular,227147,230883,,
454,46368,SHR,03/09/2011,8:38:01,03/09/2011 8:38:01,,420,1,10,Regular,257049,262726,,
562,46482,SHR,11/15/2011,8:07:01,11/15/2011 8:07:01,,475,1,10,Low,165,1200,,Low Speed Flow Meter Count Backwards  (Flow Meter Sticky)
565,46488,STTD,11/30/2011,9:50:01,11/30/2011 9:50:01,,478,1,10,Low,990405,994000,,Low Speed Flow Meter  USED MOTOR / FLOODTIDE / DROVE UPSTREAM
575,46518,STTD,02/08/2012,8:40:01,02/08/2012 8:40:01,,489,1,10,Regular,964500,965016,,
661,46644,SHR,11/29/2012,8:24:01,11/29/2012 8:24:01,,540,1,10,Low,876208,877300,,
667,46656,SHR,12/27/2012,8:42:01,12/27/2012 8:42:01,,546,1,10,Regular,862000,870000,,
673,46680,SHR,01/24/2013,8:25:01,01/24/2013 8:25:01,,552,1,10,Regular,930000,930415,,
721,46812,STTD,10/03/2013,10:27:01,10/03/2013 10:27:01,,601,1,10,Low,800752,804000,,boat used no motor (ebb tide)
762,46830,SHR,11/13/2013,9:44:01,11/13/2013 9:44:01,,609,1,10,Low,776473,781700,,
819,46938,SHR,08/07/2014,8:42:01,08/07/2014 8:42:01,,654,1,10,Low,645067,650300,,
833,46974,STTD,10/23/2014,9:40:01,10/23/2014 9:40:01,,668,1,10,Low,584988,586000,,Anchored
1084,47082,STTD,06/30/2015,8:20:01,06/30/2015 8:20:01,,706,1,10,Low,969781,973000,,
1157,47154,STTD,11/24/2015,8:44:01,11/24/2015 8:44:01,,729,1,10,Low,892000,895000,,"ebb tide, anchored"
1164,47160,SHR,12/10/2015,10:36:01,12/10/2015 10:36:01,,732,1,10,Low,883496,890000,,
1173,47166,STTD,12/23/2015,8:38:01,12/23/2015 8:38:01,,737,1,10,Low,873453,877000,,
1182,47214,SHR,03/30/2016,8:10:01,03/30/2016 8:10:01,,745,1,5,Regular,65000,69048,,
1215,47250,STTD,06/14/2016,8:20:01,06/14/2016 8:20:01,,763,1,10,Regular,873000,875821,,
1293,47280,STTD,08/16/2016,10:26:01,08/16/2016 10:26:01,,774,1,10,Regular,285000,291037,,
1296,47286,STTD,08/30/2016,10:22:01,08/30/2016 10:22:01,,775,1,10,Low,306697,310000,,
168,45648,SHR,06/11/2002,8:27:01,06/11/2002 8:27:01,,163,,30,Regular,541432,557935,,
1561,47655,STTD,03/14/2018,9:48:01,03/14/2018 9:48:01,,897,1,10,Low,663130,665000,,Ebb tide sampled from RSTR
1530,47595,STTD,11/02/2017,9:27:01,11/02/2017 9:27:01,,876,1,10,Low,734219,737000,,"Ebb tide, sample collected from screw trap"
1522,47583,STTD,10/04/2017,10:05:01,10/04/2017 10:05:01,,872,1,10,Low,749907,752000,,
1489,47559,STTD,08/16/2017,10:55:01,08/16/2017 10:55:01,,866,1,10,Low,778558,782300,,
1405,47493,STTD,04/13/2017,10:09:01,04/13/2017 10:09:01,,821,1,3,Regular,690000,699540,,
1350,47325,STTD,11/28/2016,9:28:01,11/28/2016 9:28:01,,786,1,10,Low,258710,260000,,Lots of brown-looking algae
1357,47313,STTD,10/31/2016,9:18:01,10/31/2016 9:18:01,,790,1,10,Low,272006,275000,,ebb tide from screw trap
1206,47235,STTD,05/19/2016,8:50:01,05/19/2016 8:50:01,,759,1,10,Regular,150000,156657,,
1185,47205,STTD,03/24/2016,8:26:01,03/24/2016 8:26:01,,747,1,5,Regular,15500,27924,,
1143,47139,STTD,10/27/2015,10:01:01,10/27/2015 10:01:01,,723,1,10,Low,910633,914000,,
1127,47121,STTD,09/15/2015,10:02:01,09/15/2015 10:02:01,,721,1,10,Low,937154,941000,,
1393,47469,SHR,03/21/2017,10:52:01,03/21/2017 10:52:01,,812,1,5,Regular,638990,644309,,
1386,47463,STTD,03/09/2017,10:12:01,03/09/2017 10:12:01,,809,1,5,Regular,600000,617469,,
1860,47829,SHR,04/04/2019,9:25:01,04/04/2019 9:25:01,,961,1,10,Regular,748000,759357,,
1840,47811,SHR,03/12/2019,9:12:01,03/12/2019 9:12:01,,948,1,5,Regular,666000,672884,,
1843,47799,SHR,02/20/2019,9:18:01,02/20/2019 9:18:01,,950,1,5,Regular,580000,586868,,cut set time in half due to silt and debris
1617,47703,SHR,06/27/2018,9:35:01,06/27/2018 9:35:01,,917,1,10,Low,641189,646000,,
1585,47679,SHR,05/02/2018,10:12:01,05/02/2018 10:12:01,,908,1,10,Low,669385,674000,,
796,46893,SHR,04/24/2014,10:30:01,04/24/2014 10:30:01,,639,1,10,Low,711680,715700,,
779,46863,SHR,02/11/2014,10:01:01,02/11/2014 10:01:01,,622,1,10,Low,730803,736000,,Ebb tide 225K cfs jet boat used
773,46851,SHR,01/14/2014,9:30:01,01/14/2014 9:30:01,,618,1,10,Low,744720,750000,,"Ebb tide, low flow, jet boat used"
763,46833,SHR,12/03/2013,9:20:01,12/03/2013 9:20:01,,610,1,10,Low,771091,776400,,"jet boat used, ebb tide"
261,46221,STTD,05/07/2009,11:40:01,05/07/2009 11:40:01,,236,1,10,Low,112545,116800,,
278,46161,STTD,06/04/2008,11:15:01,06/04/2008 11:15:01,,260,1,10,Regular,114183,118599,,
229,46119,STTD,02/29/2008,11:45:01,02/29/2008 11:45:01,,215,1,10,Regular,74507,90332,,
321,46053,STTD,03/12/2007,12:25:01,03/12/2007 12:25:01,,300,1,10,Regular,663298,666418,,use E&L
703,46755,SHR,05/30/2013,9:32:01,05/30/2013 9:32:01,,584,1,10,Low,875230,880000,,tow on boat
696,46737,STTD,04/15/2013,10:10:01,04/15/2013 10:10:01,,577,1,10,Low,889750,894200,,"Sampling from the trap, ebb tide"
689,46719,STTD,03/13/2013,10:10:01,03/13/2013 10:10:01,,569,1,10,Low,905463,908272,,
687,46713,STTD,03/06/2013,10:35:01,03/06/2013 10:35:01,,566,1,10,Low,910373,913400,,Flood tide; motor was used
662,46641,STTD,11/29/2012,10:15:01,11/29/2012 10:15:01,,541,1,10,Low,872665,876000,,"ebb tide, anchored boat"
648,46605,SHR,09/05/2012,7:46:01,09/05/2012 7:46:01,,527,1,10,Low,893954,895900,,
595,46569,SHR,06/13/2012,10:25:01,06/13/2012 10:25:01,,508,1,10,Low,909980,911000,,
579,46527,SHR,03/07/2012,10:42:01,03/07/2012 10:42:01,,492,1,10,Low,955705,957090,,
571,46503,STTD,01/11/2012,10:15:01,01/11/2012 10:15:01,,484,1,10,Low,973214,977800,,Low Speed Flow Meter (StartMeter - EndMeter)
567,46491,STTD,12/14/2011,10:37:01,12/14/2011 10:37:01,,480,1,10,Low,983972,988000,,Low Speed Flow Meter
468,46407,STTD,06/01/2011,10:15:01,06/01/2011 10:15:01,,434,1,10,Regular,63026,73592,,
460,46383,STTD,04/13/2011,12:23:01,04/13/2011 12:23:01,,426,1,5,Regular,150299,153557,,
458,46377,STTD,04/06/2011,12:51:01,04/06/2011 12:51:01,,424,2,10,Regular,298855,306585,,
310,46329,SHR,05/27/2010,11:30:01,05/27/2010 11:30:01,,291,1,10,Low,214200,215902,,
294,46281,SHR,02/17/2010,11:18:01,02/17/2010 11:18:01,,275,1,10,Regular,184892,187703,,
838,46989,SHR,12/03/2014,8:45:01,12/03/2014 8:45:01,,673,1,10,Low,561737,567460,,
826,46953,SHR,09/09/2014,9:10:01,09/09/2014 9:10:01,,661,1,10,Low,616008,621000,,
358,46005,STTD,03/29/2006,11:13:01,03/29/2006 11:13:01,,327,1,10,Regular,621754,647730,,
362,45993,STTD,03/15/2006,10:29:01,03/15/2006 10:29:01,,331,1,10,Regular,552128,580045,,
441,45945,SHR,06/22/2005,13:34:01,06/22/2005 13:34:01,,408,,10,Regular,304268,309668,,
432,45927,SHR,05/10/2005,15:55:01,05/10/2005 15:55:01,,399,1,10,Low,578300,580910,,
430,45921,STTD,04/27/2005,12:50:01,04/27/2005 12:50:01,,397,,10,Low,609329,614064,,
491,45777,SHR,02/25/2004,10:01:01,02/25/2004 10:01:01,,453,1,10,Regular,69130,78291,,
200,45753,SHR,06/25/2003,9:01:01,06/25/2003 9:01:01,,196,,10,Regular,839755,839797,,
179,45687,SHR,01/17/2003,9:05:01,01/17/2003 9:05:01,,175,,10,Regular,685490,695724,,
178,45681,SHR,01/14/2003,9:15:01,01/14/2003 9:15:01,,173,,15,Regular,527066,542542,,
48,45372,SHR,04/01/1999,7:49:01,04/01/1999 7:49:01,,10,1,30,Regular,330931,348325,,SHRD 014   End Meter reading was estimated from the 10mins reading (x3 for 30mins) NI
63,45462,SHR,02/15/2000,9:15:01,02/15/2000 9:15:01,,31,1,10,Regular,513889,543285,,
58,45468,STTD,02/25/2000,10:36:01,02/25/2000 10:36:01,,26,,10,Regular,596026,622002,,
64,45474,SHR,02/29/2000,9:58:01,02/29/2000 9:58:01,,40,,10,Regular,622014,634965,,
149,45576,STTD,01/29/2002,11:07:01,01/29/2002 11:07:01,,143,,30,Regular,443537,467582,,use 3x's zoop meter
159,45606,STTD,04/03/2002,11:40:01,04/03/2002 11:40:01,,153,,30,Regular,503956,510856,,3x zoop meter
161,45612,STTD,04/18/2002,11:01:01,04/18/2002 11:01:01,,155,,30,Regular,511822,515320,,5 min set was used to get flow meter reading (end meter 512405)
73,45513,STTD,02/28/2001,12:30:01,02/28/2001 12:30:01,,51,,10,Regular,302775,306527,,"Meter based on Larval sample. Large amounts of  particulate matter clogging net, causing low flow"
105,45222,STTD,02/03/1998,7:59:01,02/03/1998 7:59:01,,119,,36,Regular,,,,
398,45837,STTD,01/12/2005,13:48:01,01/12/2005 13:48:01,,365,,6,Regular,235556,250716,,
617,45819,SHR,06/18/2004,15:01:01,06/18/2004 15:01:01,,628,,10,Regular,234522,235042,,
609,45804,STTD,04/23/2004,12:35:01,04/23/2004 12:35:01,,624,,10,Regular,210539,221430,,
615,45810,SHR,05/21/2004,10:20:01,05/21/2004 10:20:01,,626,,10,Regular,221754,221818,,
402,45828,SHR,01/05/2005,10:01:01,01/05/2005 10:01:01,,369,,10,Regular,150007,158200,,
423,45906,STTD,04/11/2005,12:15:01,04/11/2005 12:15:01,,390,1,10,Regular,590015,609174,,
427,45912,STTD,04/22/2005,11:30:01,04/22/2005 11:30:01,,394,,10,Regular,610048,618154,,
1349,47328,SHR,11/29/2016,10:15:01,11/29/2016 10:15:01,,785,1,10,Low,254121,259000,,ebb tide; jet boat used
1363,47340,SHR,12/21/2016,8:16:01,12/21/2016 8:16:01,,793,1,10,Regular,246000,258119,,
1385,47460,SHR,03/08/2017,8:05:01,03/08/2017 8:05:01,,808,1,5,Regular,580000,586545,,
1390,47466,STTD,03/14/2017,9:40:01,03/14/2017 9:40:01,,810,1,5,Regular,620000,638965,,
1398,47508,STTD,05/05/2017,10:25:01,05/05/2017 10:25:01,,816,1,5,Regular,737000,750854,,
1556,47634,STTD,01/30/2018,9:50:01,01/30/2018 9:50:01,,893,1,10,Low,690602,693000,,low tide - sampled from screw trap
1554,47646,SHR,02/27/2018,10:17:01,02/27/2018 10:17:01,,892,1,10,Low,672962,677781,,
1646,47712,SHR,07/25/2018,9:59:01,07/25/2018 9:59:01,,921,1,10,Low,627312,632000,,
1849,47790,SHR,02/04/2019,9:16:01,02/04/2019 9:16:01,,954,1,10,,536602,544803,,
352,46020,STTD,04/19/2006,12:26:01,04/19/2006 12:26:01,,323,1,10,Regular,695574,714877,,
379,45948,STTD,01/06/2006,10:52:01,01/06/2006 10:52:01,,346,,10,Regular,309858,337427,,
378,45954,SHR,01/10/2006,9:16:01,01/10/2006 9:16:01,,345,1,10,Regular,337455,350041,,
365,45990,SHR,03/08/2006,9:17:01,03/08/2006 9:17:01,,334,1,10,Regular,507039,514855,,
327,46074,SHR,04/23/2007,9:30:01,04/23/2007 9:30:01,,437,1,10,Regular,14628,14635,,
230,46104,SHR,01/16/2008,9:35:01,01/16/2008 9:35:01,,216,1,10,Low,19945,19956,,Low Speed - Flow Meter
222,46134,SHR,03/26/2008,9:20:01,03/26/2008 9:20:01,,249,1,10,Regular,100208,100231,,
251,46200,SHR,03/12/2009,9:15:01,03/12/2009 9:15:01,,228,1,10,Regular,122483,124703,,
253,46206,SHR,03/25/2009,9:26:01,03/25/2009 9:26:01,,230,1,10,Low,135135,135192,,
287,46266,SHR,01/26/2010,9:19:01,01/26/2010 9:19:01,,269,1,10,Regular,107811,118500,,
296,46290,SHR,02/24/2010,8:54:01,02/24/2010 8:54:01,,277,1,10,Regular,187704,190837,,
301,46302,SHR,03/17/2010,9:21:01,03/17/2010 9:21:01,,282,1,10,Regular,202331,204797,,
455,46374,STTD,03/29/2011,12:13:01,03/29/2011 12:13:01,,421,1,5,Regular,283156,287556,,
469,46416,SHR,06/15/2011,8:40:01,06/15/2011 8:40:01,,435,1,10,Regular,73563,80656,,
481,46434,SHR,07/26/2011,8:20:01,07/26/2011 8:20:01,,444,,10,Regular,115470,119036,,
499,46440,STTD,08/10/2011,9:58:01,08/10/2011 9:58:01,,459,1,10,Regular,128309,135951,,
560,46476,SHR,11/02/2011,8:15:01,11/02/2011 8:15:01,,473,1,10,Regular,206000,209441,,Regular Flow Meter
669,46668,SHR,01/08/2013,8:20:01,01/08/2013 8:20:01,,548,1,10,Regular,923000,923526,,
678,46692,SHR,02/08/2013,8:26:01,02/08/2013 8:26:01,,556,1,10,Low,0,2157,,Meter reset - Altered value for volume calculation
686,46716,SHR,03/06/2013,8:45:01,03/06/2013 8:45:01,,565,1,10,Low,913463,915000,,
690,46722,SHR,03/13/2013,8:24:01,03/13/2013 8:24:01,,570,1,10,Low,908359,910300,,
710,46776,SHR,07/12/2013,9:43:01,07/12/2013 9:43:01,,591,1,10,Low,853904,859000,,tow with jet boat
715,46794,STTD,08/23/2013,9:36:01,08/23/2013 9:36:01,,596,1,10,Low,828095,832000,,boat used no motor
729,46824,SHR,10/31/2013,9:20:01,10/31/2013 9:20:01,,607,1,10,Low,784529,790000,,
780,46866,STTD,02/12/2014,10:01:01,02/12/2014 10:01:01,,623,,10,Low,727769,730700,,Ebb tide sample taken at RST
847,46950,STTD,08/27/2014,10:12:01,08/27/2014 10:12:01,,682,1,10,Low,626310,630000,,"Ebb tide, anchored"
827,46956,STTD,09/10/2014,9:15:01,09/10/2014 9:15:01,,662,1,10,Low,612098,615900,,
831,46968,STTD,10/07/2014,9:40:01,10/07/2014 9:40:01,,666,1,10,Low,592485,596000,,
1078,47070,SHR,06/02/2015,10:18:01,06/02/2015 10:18:01,,702,1,10,Low,986806,991100,,
1121,47118,SHR,09/14/2015,10:15:01,09/14/2015 10:15:01,,720,1,10,Low,940729,945000,,
1209,47244,STTD,06/01/2016,8:49:01,06/01/2016 8:49:01,,760,1,10,Regular,172000,178320,,
189,45714,STTD,04/01/2003,10:27:01,04/01/2003 10:27:01,,185,,10,Regular,781626,793506,,
1557,47637,SHR,01/31/2018,10:11:01,01/31/2018 10:11:01,,894,1,10,Low,684407,690000,,
1517,47577,STTD,09/20/2017,10:20:01,09/20/2017 10:20:01,,869,1,10,Low,756763,759739,,
1415,47517,SHR,05/17/2017,7:38:01,05/17/2017 7:38:01,,827,1,10,Regular,771888,781894,,
1220,47253,SHR,06/29/2016,8:30:01,06/29/2016 8:30:01,,766,1,10,Regular,195000,204123,,
1205,47229,STTD,05/04/2016,10:42:01,05/04/2016 10:42:01,,758,1,10,Regular,130000,137287,,
1197,47223,SHR,04/18/2016,10:35:01,04/18/2016 10:35:01,,754,1,10,Regular,107000,109491,,
1181,47211,STTD,03/30/2016,10:22:01,03/30/2016 10:22:01,,744,1,5,Regular,69000,74672,,
1168,47175,STTD,01/27/2016,9:15:01,01/27/2016 9:15:01,,734,1,10,Low,859749,864000,,higher flow & Ebb tide. Samples collect from the screw trap
1093,47091,STTD,07/15/2015,8:30:01,07/15/2015 8:30:01,,710,1,10,Low,964615,968000,,Ebb tide from the trap (no motor used)
1380,47403,SHR,02/07/2017,9:01:01,02/07/2017 9:01:01,,804,1,5,Regular,442000,448580,,
1721,47733,SHR,09/06/2018,9:26:01,09/06/2018 9:26:01,,929,1,10,Low,581223,588100,,
1571,47667,SHR,04/11/2018,9:18:01,04/11/2018 9:18:01,,903,1,10,Regular,660000,670042,,
783,46869,STTD,02/24/2014,12:30:01,02/24/2014 12:30:01,,631,1,10,Low,726525,726700,,
769,46845,STTD,01/02/2014,10:07:01,01/02/2014 10:07:01,,614,1,10,Low,756057,760000,,
766,46839,SHR,12/17/2013,9:20:01,12/17/2013 9:20:01,,612,1,10,Low,763567,769000,,"ebb tide, jet boat used"
285,46257,STTD,01/21/2010,11:07:01,01/21/2010 11:07:01,,267,1,5,Regular,102195,107824,,
284,46251,STTD,01/13/2010,10:56:01,01/13/2010 10:56:01,,266,1,10,Low,95769,96592,,low flow rotor used
252,46203,STTD,03/25/2009,11:53:01,03/25/2009 11:53:01,,229,1,10,Low,130582,135127,,
224,46173,STTD,01/15/2009,10:01:01,01/15/2009 10:01:01,,212,1,10,Low,109191,109352,,Low Speed
344,46029,STTD,05/25/2006,12:34:01,05/25/2006 12:34:01,,319,1,10,Regular,743769,756506,,
683,46701,STTD,02/22/2013,10:37:01,02/22/2013 10:37:01,,561,1,10,Low,920002,921929,,Flood tide
652,46611,SHR,09/21/2012,7:13:01,09/21/2012 7:13:01,,531,1,10,Low,890000,892000,,
601,46587,STTD,07/25/2012,10:11:01,07/25/2012 10:11:01,,514,1,10,Low,788889,900000,,
592,46563,SHR,05/31/2012,11:54:01,05/31/2012 11:54:01,,505,1,10,Low,914945,916000,,
568,46497,STTD,12/29/2011,10:28:01,12/29/2011 10:28:01,,481,1,10,Low,978438,983500,,Low Speed Flow Meter  Motor Used
478,46419,STTD,06/29/2011,10:21:01,06/29/2011 10:21:01,,442,1,10,Regular,97520,104920,,
463,46395,STTD,05/04/2011,10:44:01,05/04/2011 10:44:01,,429,1,10,Regular,33396,42934,,
453,46365,STTD,03/09/2011,10:15:01,03/09/2011 10:15:01,,419,1,10,Regular,262736,276287,,
452,46359,STTD,02/23/2011,10:25:01,02/23/2011 10:25:01,,418,1,10,Regular,245383,256699,,
830,46965,SHR,10/06/2014,9:30:01,10/06/2014 9:30:01,,665,1,10,Low,595959,603000,,Jet boat motor used
828,46959,SHR,09/23/2014,9:53:01,09/23/2014 9:53:01,,663,1,10,Low,606724,611000,,
820,46935,STTD,08/05/2014,10:15:01,08/05/2014 10:15:01,,655,1,10,Low,650511,655000,,"flood tide, jet boat and motor used"
486,45765,STTD,01/23/2004,13:25:01,01/23/2004 13:25:01,,448,1,10,Regular,42084,58045,,
181,45693,SHR,01/31/2003,9:40:01,01/31/2003 9:40:01,,177,,10,Regular,718165,721782,,
174,45663,SHR,01/07/2003,10:01:01,01/07/2003 10:01:01,,169,,10,Regular,585609,589957,,
171,45651,STTD,06/19/2002,10:05:01,06/19/2002 10:05:01,,166,,30,Regular,555338,576044,,3x zoop meter
45,45336,SHR,03/11/1999,7:45:01,03/11/1999 7:45:01,,7,1,30,Regular,190019,200443,,SHRD 008   End Meter reading was estimated from the 10mins reading (x3 for 30mins) NI
50,45408,SHR,04/27/1999,7:48:01,04/27/1999 7:48:01,,12,1,30,Regular,475432,475439,,SHRD 018
88,45546,STTD,05/10/2001,11:10:01,05/10/2001 11:10:01,,56,1,16,Regular,686371,705301,,Used Larval Sample flowmeter value multiplied by 1.5
165,45630,STTD,05/16/2002,11:15:01,05/16/2002 11:15:01,,159,,31,Regular,515520,533872,,regular propeller; flow meter set at 11 minutes
144,45567,SHR,01/16/2002,8:45:01,01/16/2002 8:45:01,,138,,30,Regular,396434,407456,,use 3x's zoop net meter
29,45339,STTD,03/11/1999,9:28:01,03/11/1999 9:28:01,,17,1,30,Regular,200437,258202,,STTDD 008   End Meter reading was estimated from the 10mins reading (x3 for 30mins) NI
98,45255,SHR,03/04/1998,9:46:01,03/04/1998 9:46:01,,112,,30,Regular,801921,857495,,
107,45234,STTD,02/11/1998,10:23:01,02/11/1998 10:23:01,,121,,30,Regular,780309,824402,,
490,45780,STTD,02/25/2004,13:01:01,02/25/2004 13:01:01,,452,1,10,Regular,78295,95312,,
400,45834,SHR,01/11/2005,10:30:01,01/11/2005 10:30:01,,367,,10,Regular,211481,217628,,
394,45846,SHR,01/18/2005,11:05:01,01/18/2005 11:05:01,,361,,10,Regular,349490,350043,,
1531,47598,SHR,11/14/2017,9:20:01,11/14/2017 9:20:01,,877,1,10,Low,729690,734000,,jet boat
1563,47652,SHR,03/13/2018,9:40:01,03/13/2018 9:40:01,,898,1,10,Low,664866,670000,,
1864,47838,STTD,04/15/2019,11:06:01,04/15/2019 11:06:01,,964,1,5,Regular,790000,807200,,"a lot of debris stuck in cod end, cut down set time due to current and debris"
363,45996,SHR,03/15/2006,9:04:01,03/15/2006 9:04:01,,332,1,10,Regular,542803,552164,,
359,46008,SHR,03/29/2006,9:33:01,03/29/2006 9:33:01,,328,1,10,Regular,613674,621704,,
431,45924,STTD,05/09/2005,12:45:01,05/09/2005 12:45:01,,398,,10,Regular,161072,173150,,
434,45930,SHR,05/27/2005,10:40:01,05/27/2005 10:40:01,,401,1,10,Regular,249386,258295,,
440,45942,STTD,06/22/2005,11:15:01,06/22/2005 11:15:01,,407,1,10,Regular,294669,304252,,
320,46056,SHR,03/12/2007,9:45:01,03/12/2007 9:45:01,,299,1,10,Regular,0,910,,use E&L flow - Meter Reset - Altered for volume calculation
334,46098,SHR,06/20/2007,14:20:01,06/20/2007 14:20:01,,312,1,10,Regular,28275,28437,,
268,46140,SHR,04/09/2008,9:30:01,04/09/2008 9:30:01,,251,1,10,Regular,107044,107770,,
283,46254,SHR,01/13/2010,9:18:01,01/13/2010 9:18:01,,265,1,10,Low,96600,98100,,low flow rotor used
295,46284,STTD,02/17/2010,9:37:01,02/17/2010 9:37:01,,276,1,5,Regular,174390,184894,,
451,46362,SHR,02/23/2011,8:45:01,02/23/2011 8:45:01,,417,1,10,Regular,241713,245395,,
464,46398,SHR,05/04/2011,8:47:01,05/04/2011 8:47:01,,881,1,10,Regular,26415,33227,,
580,46530,STTD,03/07/2012,8:58:01,03/07/2012 8:58:01,,493,1,10,Regular,956900,956998,,
584,46554,SHR,05/02/2012,8:20:01,05/02/2012 8:20:01,,497,1,10,Low,927615,930000,,
594,46572,STTD,06/13/2012,8:07:01,06/13/2012 8:07:01,,507,1,10,Low,911795,915000,,
597,46578,SHR,06/25/2012,8:34:01,06/25/2012 8:34:01,,510,1,10,Low,908442,910000,,
659,46638,STTD,11/13/2012,9:05:01,11/13/2012 9:05:01,,538,1,10,Low,867257,880000,,
664,46650,SHR,12/12/2012,8:32:01,12/12/2012 8:32:01,,543,1,10,Low,869210,873000,,
665,46662,SHR,01/03/2013,8:25:01,01/03/2013 8:25:01,,617,1,10,Regular,910790,910996,,
672,46674,SHR,01/18/2013,8:30:01,01/18/2013 8:30:01,,551,1,10,Regular,930000,930444,,
695,46734,STTD,04/03/2013,9:35:01,04/03/2013 9:35:01,,576,1,10,Low,894650,896900,,motor is used
811,46920,SHR,06/24/2014,9:28:01,06/24/2014 9:28:01,,648,1,10,Low,671725,677477,,From Jet Boat
841,46998,STTD,12/18/2014,8:57:01,12/18/2014 8:57:01,,676,1,10,Low,547546,554000,,
845,47010,STTD,01/16/2015,7:45:01,01/16/2015 7:45:01,,680,1,10,Low,536481,538000,,bottom of ebb tide from screw trap- slow current
849,47016,SHR,01/21/2015,9:30:01,01/21/2015 9:30:01,,684,,10,Low,527033,532000,,"Ebb, low flow, jet boat motor used"
1081,47076,SHR,06/16/2015,8:06:01,06/16/2015 8:06:01,,705,1,10,Low,976263,981000,,
1098,47106,SHR,08/17/2015,8:59:01,08/17/2015 8:59:01,,713,1,10,Low,949676,954000,,
1099,47112,SHR,08/31/2015,9:21:01,08/31/2015 9:21:01,,714,1,10,Low,947651,952000,,jet motor used
1533,47601,STTD,11/15/2017,9:07:01,11/15/2017 9:07:01,,878,1,10,Low,728025,730000,,Ebb tide from the screw trap
1410,47523,SHR,05/31/2017,9:18:01,05/31/2017 9:18:01,,824,1,10,Regular,788000,793511,,
1365,47337,STTD,12/21/2016,13:21:01,12/21/2016 13:21:01,,794,1,5,Regular,260000,274039,,"Overtopping, high flow samples collected from RSTR, shortened set time due to debris."
1342,47307,STTD,10/18/2016,9:13:01,10/18/2016 9:13:01,,783,1,10,Low,278709,282000,,
1332,47301,STTD,10/04/2016,11:33:01,10/04/2016 11:33:01,,779,1,10,Low,286374,289000,,ebb tide from RSTR
1306,47283,SHR,08/29/2016,8:35:01,08/29/2016 8:35:01,,776,1,10,Regular,291000,309925,,EBB TIDE-MOTOR USED
1189,47199,SHR,03/17/2016,8:25:01,03/17/2016 8:25:01,,750,1,10,Regular,941900,954818,,Off dock
1187,47193,STTD,03/07/2016,9:24:01,03/07/2016 9:24:01,,748,1,10,Low,936043,944000,,
1137,47133,STTD,10/13/2015,9:41:01,10/13/2015 9:41:01,,725,1,10,Low,918049,921000,,
1090,47103,SHR,08/05/2015,11:13:01,08/05/2015 11:13:01,,708,1,10,Low,952049,956500,,
1080,47079,STTD,06/17/2015,8:45:01,06/17/2015 8:45:01,,704,1,10,Low,977575,981000,,
857,47037,STTD,03/16/2015,9:28:01,03/16/2015 9:28:01,,691,2,10,Low,488211,492300,,Condition code 2- All samples on flood tide
1866,47841,SHR,04/16/2019,9:13:01,04/16/2019 9:13:01,,965,1,5,Regular,807000,813059,,
1837,47787,SHR,01/23/2019,9:45:01,01/23/2019 9:45:01,,946,1,10,Regular,524000,536626,,
1608,47685,SHR,05/16/2018,9:47:01,05/16/2018 9:47:01,,911,1,10,Low,662742,666720,,
1577,47673,STTD,04/25/2018,9:45:01,04/25/2018 9:45:01,,906,1,10,Low,677680,680000,,ebb tide
706,46761,STTD,06/11/2013,10:24:01,06/11/2013 10:24:01,,587,1,10,Low,872140,873900,,
288,46263,STTD,01/26/2010,11:25:01,01/26/2010 11:25:01,,270,1,10,Regular,118524,136104,,
266,46239,SHR,06/18/2009,11:22:01,06/18/2009 11:22:01,,241,1,10,Low,102185,102851,,
263,46227,STTD,05/21/2009,10:57:01,05/21/2009 10:57:01,,238,1,10,Low,108107,110778,,
254,46209,STTD,04/08/2009,11:16:01,04/08/2009 11:16:01,,231,1,10,Low,124417,128745,,
244,46179,STTD,01/29/2009,10:29:01,01/29/2009 10:29:01,,221,,10,Low,104165,108196,,
272,46143,STTD,04/23/2008,11:30:01,04/23/2008 11:30:01,,254,1,10,Regular,115888,115893,,
325,46065,SHR,04/11/2007,11:03:01,04/11/2007 11:03:01,,303,,10,Regular,26649,26717,,
322,46059,SHR,03/28/2007,13:01:01,03/28/2007 13:01:01,,301,1,10,Regular,26250,26354,,
694,46731,SHR,04/03/2013,7:45:01,04/03/2013 7:45:01,,575,1,10,Low,890890,899000,,
680,46695,SHR,02/13/2013,8:12:01,02/13/2013 8:12:01,,558,1,10,Low,927333,929000,,
670,46665,STTD,01/08/2013,10:15:01,01/08/2013 10:15:01,,549,1,10,Regular,923000,930000,,
666,46659,STTD,01/03/2013,10:10:01,01/03/2013 10:10:01,,616,1,5,Regular,911190,923380,,
660,46635,SHR,11/13/2012,11:30:01,11/13/2012 11:30:01,,539,1,10,Low,979146,980000,,used zoop flow meter because E&L flowmeter spun intermittenly
577,46521,SHR,02/23/2012,11:20:01,02/23/2012 11:20:01,,490,1,10,Low,957107,958400,,
574,46515,SHR,02/08/2012,10:52:01,02/08/2012 10:52:01,,488,1,10,Low,962887,965000,,
564,46485,SHR,11/30/2011,8:01:01,11/30/2011 8:01:01,,477,1,10,Low,994227,996000,,Low Speed Flow Meter
456,46371,SHR,03/29/2011,10:15:01,03/29/2011 10:15:01,,422,1,5,Regular,276401,282192,,
446,46341,STTD,01/12/2011,11:15:01,01/12/2011 11:15:01,,412,1,10,Regular,209918,218182,,
302,46305,STTD,03/30/2010,11:30:01,03/30/2010 11:30:01,,283,1,10,Regular,216602,223675,,
299,46293,STTD,03/03/2010,11:04:01,03/03/2010 11:04:01,,280,1,5,Regular,195650,202154,,
846,46941,STTD,08/21/2014,9:47:01,08/21/2014 9:47:01,,681,1,10,Low,639990,644000,,"Ebb tide, anchored"
815,46929,STTD,07/23/2014,8:54:01,07/23/2014 8:54:01,,651,,10,Low,660461,664000,,Ebb tide. John boat anchor used. Mycrocystis
488,45771,STTD,02/13/2004,11:40:01,02/13/2004 11:40:01,,450,2,10,Regular,60689,69101,,Heavy debris in drift net -
196,45741,SHR,05/28/2003,8:57:01,05/28/2003 8:57:01,,192,,10,Regular,826750,828327,,
194,45735,SHR,05/14/2003,8:42:01,05/14/2003 8:42:01,,190,,10,Regular,814658,816322,,
173,45657,STTD,01/03/2003,11:34:01,01/03/2003 11:34:01,,168,,4,Regular,572524,585424,,High Flow/much debris
6,45306,STTD,02/24/1999,11:15:01,02/24/1999 11:15:01,,14,1,30,Regular,744335,814849,,STTDD 003
44,45330,SHR,03/09/1999,7:45:01,03/09/1999 7:45:01,,6,1,30,Regular,160056,191541,,SHRD 007   End Meter reading was estimated from the 10mins reading (x3 for 30mins) NI
82,45522,SHR,03/15/2001,13:40:01,03/15/2001 13:40:01,,61,1,30,Regular,673428,673539,,Used Larval flowmeter multiplied by 3
157,45600,STTD,03/21/2002,11:35:01,03/21/2002 11:35:01,,151,,30,Regular,495582,509130,,3x zoop meter
164,45633,SHR,05/16/2002,8:40:01,05/16/2002 8:40:01,,158,,30,Low,513256,517189,,low flow propeller: used different rotor constant; flow meter from 10 min set
162,45621,SHR,05/02/2002,8:37:01,05/02/2002 8:37:01,,156,,30,Regular,512442,514263,,flow meter based off 10 min zoop
91,45531,STTD,04/04/2001,11:31:01,04/04/2001 11:31:01,,54,1,30,Regular,673647,688228,,Used Larval Sample net flowmeter multiplied by 3.5
80,45507,SHR,02/16/2001,13:56:01,02/16/2001 13:56:01,,59,1,30,Regular,290661,294699,,Used Larval flowmeter multiplied by 3
65,45471,STTD,02/29/2000,11:55:01,02/29/2000 11:55:01,,48,,5,Regular,634979,648686,,
101,45273,SHR,03/25/1998,9:27:01,03/25/1998 9:27:01,,115,,30,Regular,352222,358607,,Flow meter may have been inside net
417,45897,SHR,03/29/2005,15:50:01,03/29/2005 15:50:01,,384,,10,Regular,538482,540000,,Flowmeter not spinning the entire time
396,45843,SHR,01/14/2005,9:52:01,01/14/2005 9:52:01,,363,,10,Regular,312992,319602,,
403,45831,STTD,01/05/2005,12:20:01,01/05/2005 12:20:01,,370,1,10,Regular,158219,174486,,
497,45792,SHR,03/23/2004,10:01:01,03/23/2004 10:01:01,,457,1,10,Regular,140343,141048,,
406,45822,SHR,12/29/2004,10:41:01,12/29/2004 10:41:01,,373,1,10,Regular,48,3601,,
387,45858,SHR,02/01/2005,10:01:01,02/01/2005 10:01:01,,354,,10,Regular,450011,453588,,
1310,47298,STTD,09/20/2016,11:15:01,09/20/2016 11:15:01,,777,1,10,Low,288825,292000,,Ebb tide from RSTR
1356,47316,SHR,11/01/2016,10:01:01,11/01/2016 10:01:01,,789,1,10,Low,267151,272000,,boat motor used
1371,47352,STTD,01/11/2017,10:50:01,01/11/2017 10:50:01,,798,1,5,Regular,304000,305585,,sampled from the edge due to high flow and debris
1392,47472,STTD,03/22/2017,9:30:01,03/22/2017 9:30:01,,811,3,3,Regular,644000,647793,,Stopped set at 1 minute due to debris overload
1397,47484,STTD,03/28/2017,9:05:01,03/28/2017 9:05:01,,815,1,5,Regular,660000,671255,,
1395,47490,STTD,04/05/2017,9:46:01,04/05/2017 9:46:01,,813,1,5,Regular,675000,688050,,
1404,47496,STTD,04/18/2017,9:40:01,04/18/2017 9:40:01,,820,1,5,Regular,700000,713278,,
1401,47502,STTD,04/26/2017,9:49:01,04/26/2017 9:49:01,,818,1,4,Regular,719800,731247,,
1583,47676,STTD,05/01/2018,9:40:01,05/01/2018 9:40:01,,907,1,10,Low,674087,678000,,
1607,47682,STTD,05/15/2018,9:24:01,05/15/2018 9:24:01,,910,1,10,Low,666718,669000,,
1844,47796,STTD,02/19/2019,10:34:01,02/19/2019 10:34:01,,951,1,5,Regular,564400,579600,,
428,45918,SHR,04/26/2005,13:05:01,04/26/2005 13:05:01,,395,,10,Low,616024,617140,,
341,46038,SHR,06/13/2006,9:39:01,06/13/2006 9:39:01,,318,1,10,Regular,756606,760508,,
338,46080,SHR,05/09/2007,15:25:01,05/09/2007 15:25:01,,317,1,10,Regular,19922,19923,,
332,46092,SHR,06/06/2007,9:14:01,06/06/2007 9:14:01,,310,1,10,Regular,27580,27605,,
245,46182,SHR,01/29/2009,13:15:01,01/29/2009 13:15:01,,222,1,10,Low,102670,104158,,
255,46212,SHR,04/08/2009,9:12:01,04/08/2009 9:12:01,,232,1,10,Low,128762,130566,,
262,46230,SHR,05/21/2009,9:12:01,05/21/2009 9:12:01,,237,1,10,Low,110784,112541,,
308,46326,SHR,05/13/2010,9:08:01,05/13/2010 9:08:01,,289,1,10,Low,225135,226912,,
445,46344,SHR,01/12/2011,9:15:01,01/12/2011 9:15:01,,411,1,10,Regular,207680,209914,,
461,46392,SHR,04/22/2011,8:40:01,04/22/2011 8:40:01,,427,1,10,Regular,55,7104,,
569,46500,SHR,12/29/2011,8:30:01,12/29/2011 8:30:01,,482,2,10,Low,983709,984000,,Low Speed Flow Meter  Note: Condition 2 -> Extra Boat Tied Up at SHR Dock
573,46512,SHR,01/24/2012,8:36:01,01/24/2012 8:36:01,,487,1,10,Low,870285,973000,,
585,46542,STTD,04/04/2012,8:30:01,04/04/2012 8:30:01,,498,1,10,Low,941989,948500,,
649,46608,STTD,09/05/2012,9:45:01,09/05/2012 9:45:01,,528,1,10,Low,891855,894000,,
702,46752,SHR,05/15/2013,9:13:01,05/15/2013 9:13:01,,582,1,10,Low,874524,880000,,tow with motor
714,46788,STTD,08/06/2013,11:20:01,08/06/2013 11:20:01,,595,1,10,Low,832458,837480,,Microcystis present
723,46800,STTD,09/05/2013,11:01:01,09/05/2013 11:01:01,,602,1,10,Low,816747,821000,,
726,46818,SHR,10/16/2013,9:01:01,10/16/2013 9:01:01,,605,1,10,Low,791573,797000,,
777,46860,STTD,01/29/2014,9:55:01,01/29/2014 9:55:01,,621,1,10,Low,735983,736000,,"sampled from RST. Bottom of ebb tide, pretty slow current."
788,46878,STTD,03/12/2014,9:30:01,03/12/2014 9:30:01,,634,1,10,Low,719365,723100,,
797,46896,STTD,04/25/2014,9:01:01,04/25/2014 9:01:01,,640,1,10,Low,708216,711608,,
860,47046,STTD,04/02/2015,9:28:01,04/02/2015 9:28:01,,694,1,10,Low,377249,381600,,"Windy, ebb tide"
1113,47100,STTD,08/03/2015,10:10:01,08/03/2015 10:10:01,,717,1,10,Low,953764,957000,,
1198,47226,STTD,04/19/2016,8:28:01,04/19/2016 8:28:01,,755,1,10,Regular,110000,117965,,
183,45696,SHR,02/11/2003,9:15:01,02/11/2003 9:15:01,,179,,10,Regular,648028,656940,,
193,45726,STTD,05/05/2003,10:50:01,05/05/2003 10:50:01,,189,,10,Regular,800989,814656,,
1546,47625,SHR,01/04/2018,9:24:01,01/04/2018 9:24:01,,887,1,10,Low,700961,705000,,
1542,47613,SHR,12/14/2017,9:32:01,12/14/2017 9:32:01,,884,1,10,Low,713563,718000,,
1274,47271,SHR,08/01/2016,8:59:01,08/01/2016 8:59:01,,772,1,10,Regular,249000,259711,,
861,47049,SHR,04/03/2015,9:37:01,04/03/2015 9:37:01,,695,1,10,Low,461561,466000,,jet boat used
1396,47487,SHR,04/04/2017,8:40:01,04/04/2017 8:40:01,,814,1,5,Regular,670000,675314,,
1376,47373,STTD,01/24/2017,9:20:01,01/24/2017 9:20:01,,801,1,5,Regular,354000,370484,,
1369,47349,SHR,01/10/2017,9:41:01,01/10/2017 9:41:01,,797,1,5,Regular,296000,303539,,
1863,47835,SHR,04/09/2019,9:10:01,04/09/2019 9:10:01,,963,1,10,Regular,779000,789796,,
1784,47745,SHR,10/11/2018,9:07:01,10/11/2018 9:07:01,,933,1,10,Low,556846,561410,,
776,46857,SHR,01/28/2014,9:35:01,01/28/2014 9:35:01,,620,1,10,Low,736198,740000,,
282,46245,STTD,01/06/2010,11:36:01,01/06/2010 11:36:01,,264,1,10,Low,98114,101711,,low flow rotor used
248,46191,STTD,02/27/2009,11:53:01,02/27/2009 11:53:01,,225,1,10,Regular,107105,124357,,
234,46107,STTD,01/30/2008,12:01:01,01/30/2008 12:01:01,,245,1,10,Regular,26832,49262,,
328,46071,STTD,04/23/2007,11:35:01,04/23/2007 11:35:01,,306,1,10,Regular,14639,14746,,
340,46035,STTD,06/13/2006,12:23:01,06/13/2006 12:23:01,,316,1,10,Regular,760532,770328,,
685,46707,STTD,02/27/2013,10:32:01,02/27/2013 10:32:01,,563,1,10,Low,915273,918000,,ebb tide
654,46617,STTD,10/03/2012,10:42:01,10/03/2012 10:42:01,,533,3,2,Low,983998,984067,,
646,46599,SHR,08/21/2012,6:59:01,08/21/2012 6:59:01,,525,1,10,Low,898808,900000,,
591,46557,STTD,05/17/2012,10:20:01,05/17/2012 10:20:01,,504,1,10,Low,919992,922000,,
554,46449,STTD,09/07/2011,10:15:01,09/07/2011 10:15:01,,467,1,10,Regular,154000,159753,,regular flow meter (unless it's noted)
503,46443,STTD,08/24/2011,10:11:01,08/24/2011 10:11:01,,462,1,10,Regular,140375,144181,,
470,46413,STTD,06/15/2011,10:27:01,06/15/2011 10:27:01,,436,1,10,Regular,80666,90515,,
462,46389,STTD,04/22/2011,10:46:01,04/22/2011 10:46:01,,428,1,10,Regular,13313,26354,,
293,46275,STTD,02/10/2010,11:13:01,02/10/2010 11:13:01,,274,1,5,Regular,155185,167522,,
844,47007,SHR,01/15/2015,8:01:01,01/15/2015 8:01:01,,679,1,10,Low,537985,539000,,very low flow from SHR boat dock
824,46947,SHR,08/26/2014,7:45:01,08/26/2014 7:45:01,,659,1,10,Low,630351,635400,,
367,45981,STTD,02/28/2006,11:17:01,02/28/2006 11:17:01,,438,1,10,Regular,492567,506993,,
377,45951,STTD,01/10/2006,11:54:01,01/10/2006 11:54:01,,344,1,10,Regular,350007,378585,,
114,45276,STTD,04/01/1998,9:32:01,04/01/1998 9:32:01,,128,,30,Regular,508085,534130,,
143,45558,SHR,01/08/2002,11:01:01,01/08/2002 11:01:01,,135,,30,Regular,367442,385676,,use 6x's zoop meter difference
147,45570,STTD,01/24/2002,10:38:01,01/24/2002 10:38:01,,141,,15,Regular,436754,445240,,
135,45642,SHR,05/30/2002,8:38:01,05/30/2002 8:38:01,,160,,30,Low,528023,531194,,
160,45615,SHR,04/18/2002,9:25:01,04/18/2002 9:25:01,,154,,30,Regular,510145,511481,,flow meter from the 10 min zoop net
60,45477,STTD,03/08/2000,11:52:01,03/08/2000 11:52:01,,47,,30,Regular,657153,689845,,
32,45393,STTD,04/14/1999,9:22:01,04/14/1999 9:22:01,,21,1,30,Regular,405980,470873,,STTDD 017   End Meter reading was estimated from the 10mins reading (x3 for 30mins) NI
112,45267,STTD,03/19/1998,9:39:01,03/19/1998 9:39:01,,126,,30,Regular,921922,947862,,
111,45261,STTD,03/11/1998,7:52:01,03/11/1998 7:52:01,,125,,30,Regular,348291,348331,,
99,45258,SHR,03/10/1998,9:38:01,03/10/1998 9:38:01,,113,,30,Regular,294538,348288,,
100,45264,SHR,03/18/1998,7:37:01,03/18/1998 7:37:01,,114,,30,Regular,872932,921913,,
386,45861,STTD,02/02/2005,13:45:01,02/02/2005 13:45:01,,353,,10,Regular,98711,99406,,
405,45825,STTD,12/29/2004,12:38:01,12/29/2004 12:38:01,,372,1,10,Regular,3600,35613,,
408,45876,SHR,03/03/2005,14:23:01,03/03/2005 14:23:01,,375,1,10,Regular,490644,493018,,
1340,47292,STTD,09/13/2016,9:58:01,09/13/2016 9:58:01,,782,1,10,Low,296777,300000,,No microcystis
1333,47304,SHR,10/05/2016,10:25:01,10/05/2016 10:25:01,,780,1,10,Low,281951,286000,,motor boat used
1378,47400,STTD,02/06/2017,10:45:01,02/06/2017 10:45:01,,803,1,5,Regular,427000,442586,,
1518,47574,SHR,09/19/2017,9:35:01,09/19/2017 9:35:01,,870,1,10,Low,759839,765000,,
1541,47610,STTD,12/13/2017,9:41:01,12/13/2017 9:41:01,,883,1,10,Low,717707,720000,,Ebb tide - used jon boat motor
1558,47640,STTD,02/13/2018,9:15:01,02/13/2018 9:15:01,,895,,10,Low,682174,684000,,ebb tide - collected from screw trap
1852,47814,STTD,03/20/2019,9:59:01,03/20/2019 9:59:01,,956,1,5,Regular,673000,690162,,
355,46014,SHR,04/13/2006,9:08:01,04/13/2006 9:08:01,,326,1,10,Regular,648048,657984,,
375,45960,SHR,01/19/2006,9:51:01,01/19/2006 9:51:01,,342,1,10,Regular,378653,389434,,
373,45966,SHR,01/26/2006,9:33:01,01/26/2006 9:33:01,,340,1,10,Regular,417189,425765,,
324,46062,STTD,03/28/2007,15:45:01,03/28/2007 15:45:01,,302,,10,Regular,9918,14600,,
326,46068,STTD,04/11/2007,13:34:01,04/11/2007 13:34:01,,304,1,10,Regular,26736,26823,,
330,46086,SHR,05/21/2007,13:40:01,05/21/2007 13:40:01,,308,,10,Regular,19959,19963,,
257,46218,SHR,04/23/2009,9:10:01,04/23/2009 9:10:01,,234,1,10,Low,123819,124400,,
298,46296,SHR,03/03/2010,9:07:01,03/03/2010 9:07:01,,279,1,10,Regular,190826,195630,,
307,46320,SHR,04/28/2010,9:12:01,04/28/2010 9:12:01,,288,1,10,Low,71301,72870,,
312,46338,STTD,06/08/2010,9:45:01,06/08/2010 9:45:01,,293,1,10,Low,210567,214174,,
459,46386,SHR,04/13/2011,9:33:01,04/13/2011 9:33:01,,425,1,10,Regular,133784,139440,,
467,46410,SHR,06/01/2011,8:27:01,06/01/2011 8:27:01,,433,1,10,Regular,57159,63015,,
504,46446,SHR,08/24/2011,8:16:01,08/24/2011 8:16:01,,463,1,10,Regular,136102,140344,,
506,46458,SHR,09/20/2011,8:10:01,09/20/2011 8:10:01,,465,1,10,Regular,163500,167798,,Regular flow meter speed
590,46560,SHR,05/17/2012,8:44:01,05/17/2012 8:44:01,,503,1,10,Low,922400,924000,,
603,46596,SHR,08/07/2012,7:48:01,08/07/2012 7:48:01,,516,1,10,Low,897306,900000,,
653,46620,SHR,10/03/2012,8:16:01,10/03/2012 8:16:01,,532,1,10,Low,884189,884860,,
681,46698,STTD,02/13/2013,9:55:01,02/13/2013 9:55:01,,559,1,10,Low,924090,927100,,
718,46806,STTD,09/17/2013,10:41:01,09/17/2013 10:41:01,,599,1,10,Low,808096,812000,,jet boat anchor used
814,46932,SHR,07/24/2014,8:44:01,07/24/2014 8:44:01,,650,1,10,Low,655366,660400,,
858,47040,SHR,03/17/2015,9:01:01,03/17/2015 9:01:01,,692,1,10,Low,479301,484000,,"Ebb tide, low current, motor used"
1070,47058,SHR,04/29/2015,8:24:01,04/29/2015 8:24:01,,698,1,10,Low,441424,446000,,
1074,47064,STTD,05/18/2015,9:26:01,05/18/2015 9:26:01,,700,1,10,Low,988236,992000,,
1149,47148,STTD,11/10/2015,8:41:01,11/10/2015 8:41:01,,726,1,10,Low,899843,903000,,
1169,47178,SHR,01/28/2016,12:55:01,01/28/2016 12:55:01,,735,1,10,Low,856833,860000,,"sampled at boat dock, ebb tide"
1175,47190,SHR,02/23/2016,9:53:01,02/23/2016 9:53:01,,740,1,10,Low,838230,844000,,
1191,47202,STTD,03/18/2016,9:30:01,03/18/2016 9:30:01,,751,1,5,Regular,0,15494,,
1211,47238,SHR,05/20/2016,9:10:01,05/20/2016 9:10:01,,762,1,10,Regular,163000,172171,,"ebb tide, jet motor used"
1289,47274,STTD,08/02/2016,9:39:01,08/02/2016 9:39:01,,773,1,10,Regular,260000,268058,,
172,45660,SHR,01/03/2003,8:52:01,01/03/2003 8:52:01,,167,,10,Regular,572506,652188,,
175,45666,STTD,01/07/2003,12:01:01,01/07/2003 12:01:01,,170,,10,Regular,589971,619771,,
187,45708,STTD,03/18/2003,10:40:01,03/18/2003 10:40:01,,183,,10,Regular,767680,776354,,
191,45720,STTD,04/14/2003,10:15:01,04/14/2003 10:15:01,,187,,10,Regular,793590,800891,,
197,45738,STTD,05/28/2003,10:39:01,05/28/2003 10:39:01,,193,,10,Regular,828332,838205,,meter reading from zoop;end meter not written down right after sample pulled
1549,47631,SHR,01/18/2018,9:27:01,01/18/2018 9:27:01,,889,1,10,Low,692251,697000,,
1539,47607,STTD,11/29/2017,8:50:01,11/29/2017 8:50:01,,880,1,10,Low,720771,723000,,slack tide - used Jon boat w/ motor
1526,47589,STTD,10/19/2017,10:14:01,10/19/2017 10:14:01,,874,1,10,Low,741710,744744,,
1464,47571,STTD,09/13/2017,10:55:01,09/13/2017 10:55:01,,863,1,10,Low,764726,768000,,
1499,47553,STTD,08/02/2017,10:32:01,08/02/2017 10:32:01,,867,1,5,Low,788862,790000,,
1416,47511,STTD,05/09/2017,10:23:01,05/09/2017 10:23:01,,828,1,10,Regular,750000,765993,,
1355,47319,STTD,11/14/2016,9:01:01,11/14/2016 9:01:01,,788,1,10,Low,263969,267000,,ebb tide from screw trap
1311,47295,SHR,09/19/2016,9:27:01,09/19/2016 9:27:01,,778,1,10,Low,291982,297000,,
1210,47241,SHR,05/31/2016,8:50:01,05/31/2016 8:50:01,,761,1,10,Regular,865400,873422,,"jet motor used, ebb tide"
1153,47145,SHR,11/09/2015,8:27:01,11/09/2015 8:27:01,,728,1,10,Low,903327,910000,,
1085,47085,SHR,07/01/2015,9:01:01,07/01/2015 9:01:01,,707,1,10,Low,965522,970000,,
1079,47073,STTD,06/03/2015,8:30:01,06/03/2015 8:30:01,,703,1,10,Low,983789,987000,,"Ebb tide, sample collected from the trap"
1076,47067,SHR,05/19/2015,8:55:01,05/19/2015 8:55:01,,701,1,10,Low,991109,996000,,
855,47031,SHR,03/03/2015,9:26:01,03/03/2015 9:26:01,,689,1,10,Low,500081,505000,,
1367,47343,STTD,12/27/2016,10:01:01,12/27/2016 10:01:01,,795,1,10,Regular,274000,289391,,High flow - sampled from the screw trap
1854,47817,SHR,03/21/2019,8:44:01,03/21/2019 8:44:01,,957,1,10,Regular,690000,701885,,
1850,47793,STTD,02/05/2019,10:25:01,02/05/2019 10:25:01,,955,1,10,Regular,545000,564169,,
790,46881,STTD,03/25/2014,14:18:01,03/25/2014 14:18:01,,635,1,10,Low,718080,719500,,
713,46785,SHR,08/05/2013,10:01:01,08/05/2013 10:01:01,,594,1,10,Low,840031,845000,,
289,46269,STTD,02/03/2010,11:29:01,02/03/2010 11:29:01,,271,1,5,Regular,140496,155197,,
701,46749,STTD,05/14/2013,9:28:01,05/14/2013 9:28:01,,581,1,10,Low,880858,885000,,"used motor, flood tide/beginning of ebb"
699,46743,STTD,04/29/2013,10:06:01,04/29/2013 10:06:01,,580,1,10,Low,884989,890000,,
691,46725,STTD,03/20/2013,10:46:01,03/20/2013 10:46:01,,573,1,10,Low,899059,903900,,
663,46647,STTD,12/12/2012,10:50:01,12/12/2012 10:50:01,,542,1,10,Low,861530,869000,,
586,46539,SHR,04/04/2012,10:25:01,04/04/2012 10:25:01,,499,1,10,Low,938618,941700,,
563,46479,STTD,11/15/2011,10:18:01,11/15/2011 10:18:01,,476,1,10,Low,1992,4600,,Low Speed Flow Meter Count Backwards
500,46437,SHR,08/10/2011,8:15:01,08/10/2011 8:15:01,,460,1,10,Regular,124352,128245,,REGULAR
466,46401,STTD,05/19/2011,10:33:01,05/19/2011 10:33:01,,432,1,10,Regular,49924,56914,,
450,46353,STTD,02/09/2011,10:35:01,02/09/2011 10:35:01,,416,4,10,Regular,233333,241694,,
842,47001,SHR,12/29/2014,9:12:01,12/29/2014 9:12:01,,677,1,10,Low,544965,547500,,From the dock
809,46917,STTD,06/23/2014,10:07:01,06/23/2014 10:07:01,,647,1,10,Low,677517,681000,,ebb tide from RSTR
496,45795,STTD,03/24/2004,12:28:01,03/24/2004 12:28:01,,456,1,10,Regular,141250,158524,,
483,45759,SHR,01/09/2004,10:17:01,01/09/2004 10:17:01,,446,1,10,Regular,57,1064,,From Zoop Net 1/8 (see 1/8/04 data sheet)
186,45711,SHR,03/18/2003,9:01:01,03/18/2003 9:01:01,,182,,10,Regular,765366,767599,,
113,45270,STTD,03/25/1998,10:32:01,03/25/1998 10:32:01,,127,,30,Regular,358630,358644,,See original data sheet (only half sample kept)
27,45324,STTD,03/04/1999,10:01:01,03/04/1999 10:01:01,,15,1,30,Regular,146182,187777,,STTDD 006   End Meter reading was estimated from the 10mins reading (x3 for 30mins) NI
35,45390,SHR,04/14/1999,7:45:01,04/14/1999 7:45:01,,11,1,30,Regular,400580,416723,,SHRD 017   End Meter reading was estimated from the 10mins reading (x3 for 30mins) NI
145,45564,STTD,01/16/2002,11:47:01,01/16/2002 11:47:01,,139,,10,Regular,402421,435976,,use zoop meter diff.
153,45588,STTD,02/22/2002,10:01:01,02/22/2002 10:01:01,,147,,15,Regular,464147,475955,,1.5x's zoop meter; boat tow
152,45591,SHR,02/22/2002,8:30:01,02/22/2002 8:30:01,,146,,30,Regular,462714,467013,,use zoo meter x's 3
142,45561,STTD,01/08/2002,13:01:01,01/08/2002 13:01:01,,136,,30,Low,370495,396199,,use 3x's zoop meter difference
89,45549,SHR,05/10/2001,9:20:01,05/10/2001 9:20:01,,64,1,30,Regular,,,,Flow low ~.10m/sec No flowmeter value
86,45543,STTD,04/24/2001,9:20:01,04/24/2001 9:20:01,,55,1,20,Regular,677756,693554,,Used Larval flowmeter multiplied by 2
84,45525,SHR,03/19/2001,13:51:01,03/19/2001 13:51:01,,62,1,30,Regular,673613,673709,,Used Larval flowmeter multiplied by 3
57,45459,STTD,02/10/2000,11:30:01,02/10/2000 11:30:01,,25,,30,Regular,484213,513976,,
115,45285,STTD,04/08/1998,9:56:01,04/08/1998 9:56:01,,129,,30,Regular,9,15345,,
109,45249,STTD,02/24/1998,11:10:01,02/24/1998 11:10:01,,123,,30,Regular,301201,339072,,
96,45243,SHR,02/17/1998,9:43:01,02/17/1998 9:43:01,,110,,30,Regular,895113,952047,,
95,45237,SHR,02/11/1998,9:22:01,02/11/1998 9:22:01,,109,,30,Regular,723906,780310,,
93,45225,SHR,02/03/1998,9:13:01,02/03/1998 9:13:01,,107,,36,Regular,,,,No meter values on datasheet
412,45885,STTD,03/09/2005,13:15:01,03/09/2005 13:15:01,,379,1,10,Regular,488311,489431,,
384,45867,STTD,02/09/2005,13:15:01,02/09/2005 13:15:01,,351,1,10,Regular,453991,454005,,Very low flow
616,45813,STTD,05/21/2004,13:40:01,05/21/2004 13:40:01,,627,,10,Regular,221812,225008,,
498,45801,SHR,04/09/2004,9:15:01,04/09/2004 9:15:01,,458,1,10,Regular,158512,165919,,
199,45744,STTD,06/11/2003,10:01:01,06/11/2003 10:01:01,,195,,10,Regular,839731,839748,,meter reading from zoop
201,45750,STTD,06/25/2003,10:13:01,06/25/2003 10:13:01,,197,,10,Regular,839807,845908,,meter reading from zoop
482,45762,STTD,01/09/2004,12:10:01,01/09/2004 12:10:01,,445,1,10,Regular,1640,7628,,From Zoop Net 1/8 (see 1/8/04 data sheet)
395,45840,STTD,01/14/2005,13:10:01,01/14/2005 13:10:01,,362,,10,Regular,319622,348456,,
385,45864,SHR,02/08/2005,14:01:01,02/08/2005 14:01:01,,352,1,10,Regular,453748,454009,,
382,45870,SHR,02/24/2005,11:14:01,02/24/2005 11:14:01,,349,1,10,Low,448475,451006,,
414,45888,SHR,03/22/2005,10:50:01,03/22/2005 10:50:01,,381,,10,Low,485229,488294,,
420,45900,SHR,04/04/2005,10:22:01,04/04/2005 10:22:01,,387,,10,Regular,540000,541995,,
1361,47334,SHR,12/14/2016,8:28:01,12/14/2016 8:28:01,,792,1,10,Low,246006,250000,,High flow by SHR harbor dock
1414,47514,STTD,05/16/2017,10:10:01,05/16/2017 10:10:01,,826,,10,Regular,766000,771886,,Ebb tide
1408,47526,STTD,06/12/2017,10:30:01,06/12/2017 10:30:01,,823,1,10,Regular,794000,800958,,
1564,47658,STTD,03/28/2018,9:30:01,03/28/2018 9:30:01,,899,1,10,Low,659622,663000,,ebb tide collected from the screw trap
1667,47718,STTD,08/08/2018,13:46:01,08/08/2018 13:46:01,,923,1,10,Low,614864,620530,,Contents sloshed slightly with lid off - did not appear to lose any of the sample.
1727,47736,STTD,09/19/2018,13:31:01,09/19/2018 13:31:01,,928,1,10,Low,581200,573926,,
1841,47808,STTD,03/11/2019,11:43:01,03/11/2019 11:43:01,,949,1,5,Regular,651320,665872,,
1859,47826,STTD,04/03/2019,10:25:01,04/03/2019 10:25:01,,960,2,5,Regular,730000,748022,,"good amount of debris, some of sample may have fallen out when transfering to nalgene"
438,45936,SHR,06/03/2005,10:30:01,06/03/2005 10:30:01,,405,,10,Regular,248442,287496,,
372,45972,SHR,02/02/2006,9:40:01,02/02/2006 9:40:01,,339,1,10,Regular,433350,438457,,
366,45984,SHR,02/28/2006,9:30:01,02/28/2006 9:30:01,,335,1,10,Regular,462508,486545,,
276,46158,STTD,05/21/2008,12:20:01,05/21/2008 12:20:01,,258,1,10,Low,118925,123268,,
243,46176,SHR,01/15/2009,13:50:01,01/15/2009 13:50:01,,220,1,10,Low,108199,109082,,
249,46194,SHR,02/27/2009,9:30:01,02/27/2009 9:30:01,,226,1,10,Regular,98592,107088,,
264,46236,SHR,06/03/2009,9:15:01,06/03/2009 9:15:01,,239,1,10,Low,106146,108098,,
290,46272,SHR,02/03/2010,9:46:01,02/03/2010 9:46:01,,272,1,10,Regular,136104,140496,,
303,46308,SHR,03/30/2010,9:17:01,03/30/2010 9:17:01,,284,1,10,Regular,216569,216592,,
457,46380,SHR,04/06/2011,9:34:01,04/06/2011 9:34:01,,423,1,10,Regular,287727,298855,,
465,46404,SHR,05/19/2011,8:40:01,05/19/2011 8:40:01,,431,1,10,Regular,172257,176762,,
570,46506,SHR,01/11/2012,8:20:01,01/11/2012 8:20:01,,483,1,10,Low,977998,979000,,Low Speed Flow Meter
599,46584,SHR,07/10/2012,7:50:01,07/10/2012 7:50:01,,512,1,10,Low,905366,907900,,
676,46686,SHR,01/30/2013,8:25:01,01/30/2013 8:25:01,,554,1,10,Regular,930000,930222,,
682,46704,SHR,02/22/2013,8:16:01,02/22/2013 8:16:01,,560,1,10,Low,921973,923965,,
704,46758,STTD,05/31/2013,8:45:01,05/31/2013 8:45:01,,585,1,10,Low,873967,875000,,
768,46842,STTD,12/18/2013,9:15:01,12/18/2013 9:15:01,,613,1,10,Low,759472,763000,,
771,46848,SHR,01/03/2014,9:30:01,01/03/2014 9:30:01,,615,1,10,Low,750313,755000,,"ebb tide but low flow, jet boat used"
791,46884,SHR,03/25/2014,16:30:01,03/25/2014 16:30:01,,636,1,10,Low,717991,718000,,Flowmeter did not spin properly - too few rotations
801,46902,STTD,05/09/2014,8:20:01,05/09/2014 8:20:01,,642,1,10,Low,699425,703430,,low tide (motor used)
804,46908,STTD,05/22/2014,8:03:01,05/22/2014 8:03:01,,644,1,10,Low,690111,694000,,boat motor used
825,46944,SHR,08/22/2014,8:42:01,08/22/2014 8:42:01,,660,1,10,Low,635412,640000,,"ebb tide but low current, jet boat used"
829,46962,STTD,09/24/2014,9:47:01,09/24/2014 9:47:01,,664,1,10,Low,603335,607000,,
1156,47130,SHR,10/12/2015,9:18:01,10/12/2015 9:18:01,,730,1,10,Low,921539,928000,,
1142,47136,SHR,10/26/2015,9:04:01,10/26/2015 9:04:01,,722,1,10,Low,914128,918000,,
1180,47184,STTD,02/09/2016,10:14:01,02/09/2016 10:14:01,,743,1,10,Low,848192,852000,,
1184,47208,SHR,03/25/2016,8:09:01,03/25/2016 8:09:01,,746,1,5,Regular,59000,65127,,
204,45678,STTD,01/14/2003,11:30:01,01/14/2003 11:30:01,,174,,15,Regular,542534,566103,,
185,45702,STTD,03/05/2003,11:01:01,03/05/2003 11:01:01,,181,,10,Regular,757139,765317,,
1560,47643,SHR,02/14/2018,10:02:01,02/14/2018 10:02:01,,896,1,10,Low,677758,682200,,
1407,47529,SHR,06/13/2017,8:15:01,06/13/2017 8:15:01,,822,1,10,Regular,801000,805736,,
1216,47247,SHR,06/13/2016,8:53:01,06/13/2016 8:53:01,,764,1,10,Regular,184000,194240,,
1194,47217,SHR,04/07/2016,9:45:01,04/07/2016 9:45:01,,753,1,10,Regular,74800,78536,,
1179,47181,SHR,02/08/2016,10:07:01,02/08/2016 10:07:01,,742,1,10,Low,852096,857000,,
1120,47127,STTD,10/01/2015,9:46:01,10/01/2015 9:46:01,,719,1,10,Low,928320,932600,,High (Not ebbing yet) Used the motor (Stryker)
1071,47061,STTD,04/30/2015,8:16:01,04/30/2015 8:16:01,,699,1,10,Low,439998,441000,,
859,47043,STTD,03/24/2015,11:56:01,03/24/2015 11:56:01,,693,1,10,Low,475008,480000,,
1857,47823,SHR,03/29/2019,9:05:01,03/29/2019 9:05:01,,959,1,10,Regular,719000,730202,,net may have been in an eddy. Sampled from dock.
1847,47805,SHR,02/27/2019,8:40:01,02/27/2019 8:40:01,,952,1,5,Regular,645550,651728,,
1725,47739,SHR,09/20/2018,9:45:01,09/20/2018 9:45:01,,927,1,10,Low,567878,573900,,
1665,47721,SHR,08/09/2018,9:05:01,08/09/2018 9:05:01,,922,1,10,Low,608975,615000,,
1624,47709,SHR,07/12/2018,9:15:01,07/12/2018 9:15:01,,918,1,10,Low,632321,637000,,Jet boat motor used
799,46899,SHR,05/07/2014,8:52:01,05/07/2014 8:52:01,,641,1,10,Low,703795,708000,,jet boat used
793,46887,STTD,04/07/2014,12:52:01,04/07/2014 12:52:01,,638,1,10,Low,718423,719000,,
787,46875,SHR,03/12/2014,7:43:01,03/12/2014 7:43:01,,633,1,10,Low,723454,726000,,
760,46827,STTD,11/12/2013,9:50:01,11/12/2013 9:50:01,,608,1,10,Low,782001,784000,,"flood tide, motor used"
265,46233,STTD,06/03/2009,11:07:01,06/03/2009 11:07:01,,240,1,10,Low,105287,106108,,
246,46185,STTD,02/11/2009,11:38:01,02/11/2009 11:38:01,,223,1,10,Low,98641,102472,,
275,46155,SHR,05/21/2008,10:41:01,05/21/2008 10:41:01,,257,1,10,Low,123280,124598,,
274,46149,STTD,05/07/2008,11:23:01,05/07/2008 11:23:01,,256,1,10,Regular,115195,124610,,
677,46683,STTD,01/30/2013,10:13:01,01/30/2013 10:13:01,,555,1,10,Regular,930000,931999,,
598,46581,STTD,07/10/2012,10:01:01,07/10/2012 10:01:01,,511,1,10,Low,903646,905300,,
572,46509,STTD,01/24/2012,10:55:01,01/24/2012 10:55:01,,486,1,10,Low,964324,970300,,
448,46347,SHR,01/26/2011,10:04:01,01/26/2011 10:04:01,,414,1,10,Regular,218188,221475,,
306,46317,STTD,04/28/2010,11:01:01,04/28/2010 11:01:01,,287,1,10,Low,67969,71305,,
300,46299,STTD,03/17/2010,11:49:01,03/17/2010 11:49:01,,281,1,10,Regular,204829,210563,,
848,47013,STTD,01/20/2015,10:45:01,01/20/2015 10:45:01,,683,1,10,Low,532404,536000,,Ebb sampled from STTD
840,46995,SHR,12/17/2014,7:46:01,12/17/2014 7:46:01,,675,1,10,Low,554127,560000,,FROM SHR HARBOR BOAT DOCK
803,46905,SHR,05/21/2014,8:15:01,05/21/2014 8:15:01,,643,1,10,Low,689000,694177,,
371,45969,STTD,02/02/2006,11:46:01,02/02/2006 11:46:01,,338,1,10,Regular,438545,461527,,
435,45933,STTD,05/27/2005,12:50:01,05/27/2005 12:50:01,,402,,10,Regular,258290,278533,,
426,45915,SHR,04/22/2005,13:25:01,04/22/2005 13:25:01,,393,,10,Low,617144,618160,,
190,45723,SHR,04/14/2003,9:01:01,04/14/2003 9:01:01,,186,,10,Regular,793522,793569,,
623,45699,SHR,02/14/2003,8:30:01,02/14/2003 8:30:01,,567,,,,,,,
202,45675,SHR,01/13/2003,9:15:01,01/13/2003 9:15:01,,171,,15,Regular,490385,503688,,
169,45645,STTD,06/11/2002,10:15:01,06/11/2002 10:15:01,,164,,30,Regular,543971,565396,,
151,45582,STTD,02/08/2002,10:10:01,02/08/2002 10:10:01,,145,,10,Regular,456394,462580,,use zoop meter
122,45609,SHR,04/03/2002,8:30:01,04/03/2002 8:30:01,,210,,30,Regular,500102,504698,,flow meter from the 10 min zoop x's 3
119,45603,SHR,03/21/2002,9:01:01,03/21/2002 9:01:01,,209,,30,Regular,490641,505311,,3x zoop meter
154,45597,SHR,03/05/2002,9:01:01,03/05/2002 9:01:01,,148,,30,Regular,468183,481950,,meter x's 3 zoop
150,45585,SHR,02/08/2002,8:49:01,02/08/2002 8:49:01,,144,,30,Regular,451665,465012,,use 3x's zoop meter
502,45411,STTD,04/27/1999,9:30:01,04/27/1999 9:30:01,,461,,10,Regular,475446,494609,,STTDL 018
34,45297,STTD,02/16/1999,13:10:01,02/16/1999 13:10:01,,13,1,30,Regular,440990,497917,,STTDD 001 Drift sample
419,45903,STTD,04/04/2005,14:01:01,04/04/2005 14:01:01,,386,1,10,Regular,541987,561586,,
415,45891,STTD,03/23/2005,15:01:01,03/23/2005 15:01:01,,382,1,10,Regular,504968,509998,,
409,45879,STTD,03/04/2005,13:41:01,03/04/2005 13:41:01,,376,1,10,Regular,493001,507825,,
380,45873,STTD,02/25/2005,14:20:01,02/25/2005 14:20:01,,347,1,10,Regular,466518,482018,,
393,45849,STTD,01/18/2005,13:15:01,01/18/2005 13:15:01,,360,,10,Regular,350043,369624,,
489,45774,SHR,02/13/2004,9:30:01,02/13/2004 9:30:01,,451,1,10,Regular,58048,60668,,all at same time
618,45816,STTD,06/18/2004,11:55:01,06/18/2004 11:55:01,,629,,10,Regular,226056,234517,,
416,45894,STTD,03/29/2005,11:35:01,03/29/2005 11:35:01,,383,1,10,Regular,510036,528030,,
1384,47436,SHR,02/23/2017,8:08:01,02/23/2017 8:08:01,,807,1,5,Regular,530000,536200,,from sherwood boat dock
1419,47532,SHR,06/27/2017,8:56:01,06/27/2017 8:56:01,,829,1,10,Low,804000,805400,,
1523,47586,SHR,10/17/2017,9:50:01,10/17/2017 9:50:01,,873,1,10,Low,744829,750000,,
1528,47592,SHR,11/01/2017,9:37:01,11/01/2017 9:37:01,,875,1,10,Low,737450,742000,,
1610,47688,SHR,05/29/2018,9:46:01,05/29/2018 9:46:01,,912,1,10,Low,658565,663000,,
1838,47784,STTD,01/22/2019,11:37:01,01/22/2019 11:37:01,,947,1,10,Regular,499500,523900,,
1848,47802,STTD,02/26/2019,10:45:01,02/26/2019 10:45:01,,953,1,5,Regular,627000,645550,,5 minute tow due to the high flow
361,46002,SHR,03/23/2006,13:29:01,03/23/2006 13:29:01,,330,1,10,Regular,603084,613632,,
228,46110,SHR,01/30/2008,9:30:01,01/30/2008 9:30:01,,244,1,10,Regular,19817,26831,,
292,46278,SHR,02/10/2010,12:50:01,02/10/2010 12:50:01,,273,1,10,Regular,167774,174354,,
589,46548,SHR,04/16/2012,8:01:01,04/16/2012 8:01:01,,882,1,10,Low,934665,938600,,
600,46590,SHR,07/25/2012,8:08:01,07/25/2012 8:08:01,,513,1,10,Low,900029,903000,,
651,46614,STTD,09/21/2012,9:10:01,09/21/2012 9:10:01,,530,1,10,Low,884911,890000,,
698,46746,SHR,04/29/2013,8:17:01,04/29/2013 8:17:01,,579,1,10,Low,889882,890000,,
708,46770,SHR,06/26/2013,9:30:01,06/26/2013 9:30:01,,589,1,10,Low,862052,867000,,"jet boat used / Lid broke in shipment, sample recovered, possible cross contaimination"
774,46854,STTD,01/15/2014,9:33:01,01/15/2014 9:33:01,,656,1,10,Low,740351,744000,,
806,46914,SHR,06/10/2014,8:30:01,06/10/2014 8:30:01,,646,1,10,Low,680865,685000,,jet boat used
817,46926,SHR,07/10/2014,7:50:01,07/10/2014 7:50:01,,653,1,10,Low,666885,672000,,
835,46980,STTD,11/05/2014,9:10:01,11/05/2014 9:10:01,,670,1,10,Low,575540,579000,,"Jon boat and anchor used, ebb tide"
837,46986,STTD,11/19/2014,8:21:01,11/19/2014 8:21:01,,672,1,10,Low,567571,570000,,"Ebb tide, anchored"
839,46992,STTD,12/04/2014,9:31:01,12/04/2014 9:31:01,,674,1,10,Low,557747,561700,,+1 SILVERSIDE RELEASED
851,47022,STTD,02/04/2015,9:25:01,02/04/2015 9:25:01,,686,1,10,Low,518680,522500,,
856,47034,STTD,03/04/2015,9:38:01,03/04/2015 9:38:01,,690,1,10,Low,496087,500000,,
1056,47052,STTD,04/16/2015,8:40:01,04/16/2015 8:40:01,,697,1,10,Low,450401,454000,,
1114,47124,SHR,09/28/2015,9:10:01,09/28/2015 9:10:01,,718,1,10,Low,932554,937000,,
1193,47220,STTD,04/08/2016,8:52:01,04/08/2016 8:52:01,,752,1,10,Regular,79000,90667,,
1221,47256,STTD,06/30/2016,9:40:01,06/30/2016 9:40:01,,767,1,10,Regular,204000,206297,,ebb tide from RSTR
1264,47268,STTD,07/19/2016,9:59:01,07/19/2016 9:59:01,,770,1,10,Regular,240000,249037,,
180,45684,STTD,01/17/2003,11:25:01,01/17/2003 11:25:01,,176,,10,Regular,695737,718020,,dirty samples
195,45732,STTD,05/14/2003,10:01:01,05/14/2003 10:01:01,,191,,10,Regular,816319,826732,,meter reading from zoop
1552,47649,STTD,02/28/2018,9:54:01,02/28/2018 9:54:01,,891,1,10,Low,670428,673000,,
1545,47619,STTD,12/20/2017,10:01:01,12/20/2017 10:01:01,,886,1,10,Low,706701,710000,,"ebb tide, anchored"
1511,47547,STTD,07/19/2017,10:10:01,07/19/2017 10:10:01,,868,1,10,Low,795178,798000,,
1400,47505,SHR,05/04/2017,10:08:01,05/04/2017 10:08:01,,817,1,5,Regular,731000,736557,,
1402,47499,SHR,04/19/2017,8:48:01,04/19/2017 8:48:01,,819,1,5,Regular,713360,719779,,
1359,47331,STTD,12/13/2016,9:17:01,12/13/2016 9:17:01,,791,1,10,Low,250720,254000,,Ebb tide anchored
1262,47265,SHR,07/18/2016,8:25:01,07/18/2016 8:25:01,,769,1,10,Regular,224000,240084,,
1176,47187,STTD,02/22/2016,9:17:01,02/22/2016 9:17:01,,741,1,10,Low,844097,848000,,
1163,47157,STTD,12/09/2015,9:18:01,12/09/2015 9:18:01,,731,1,10,Low,889446,892000,,
1152,47151,SHR,11/23/2015,8:44:01,11/23/2015 8:44:01,,727,1,10,Low,895285,900000,,
1097,47097,SHR,07/29/2015,9:01:01,07/29/2015 9:01:01,,712,1,10,Low,956380,960000,,
852,47025,STTD,02/17/2015,9:30:01,02/17/2015 9:30:01,,687,1,10,Low,512466,519000,,"ebb tide, off trap"
1377,47397,STTD,02/02/2017,10:10:01,02/02/2017 10:10:01,,802,1,5,Regular,410000,426888,,
1373,47367,STTD,01/18/2017,11:01:01,01/18/2017 11:01:01,,799,1,3,Regular,340000,349574,,
725,46815,STTD,10/15/2013,9:19:01,10/15/2013 9:19:01,,604,1,10,Low,796783,800000,,
280,46167,STTD,06/16/2008,11:35:01,06/16/2008 11:35:01,,262,1,10,Low,109355,113454,,
270,46137,STTD,04/09/2008,11:45:01,04/09/2008 11:45:01,,252,1,10,Regular,107767,115493,,
335,46095,STTD,06/20/2007,12:20:01,06/20/2007 12:20:01,,313,,10,Regular,27723,28256,,
317,46047,SHR,02/26/2007,14:10:01,02/26/2007 14:10:01,,297,1,10,Regular,622863,623699,,use E&L flow meter
337,46041,STTD,06/30/2006,11:06:01,06/30/2006 11:06:01,,314,1,10,Regular,772041,777897,,
347,46023,STTD,05/16/2006,11:53:01,05/16/2006 11:53:01,,322,1,10,Regular,714995,726661,,
353,46017,SHR,04/19/2006,10:26:01,04/19/2006 10:26:01,,324,1,10,Regular,686537,695484,,
679,46689,STTD,02/08/2013,11:01:01,02/08/2013 11:01:01,,557,1,10,Low,929384,929900,,"Really low flow, near bottom of tide"
674,46677,STTD,01/24/2013,10:15:01,01/24/2013 10:15:01,,553,1,10,Regular,930500,930523,,
671,46671,STTD,01/18/2013,11:30:01,01/18/2013 11:30:01,,550,1,10,Regular,930700,930999,,
668,46653,STTD,12/27/2012,11:02:01,12/27/2012 11:02:01,,547,1,3,Regular,899774,910346,,
657,46629,STTD,10/30/2012,10:41:01,10/30/2012 10:41:01,,536,1,10,Low,880065,883000,,
596,46575,STTD,06/25/2012,10:43:01,06/25/2012 10:43:01,,509,1,10,Low,907991,908400,,
587,46545,STTD,04/16/2012,10:01:01,04/16/2012 10:01:01,,500,1,10,Low,929313,935000,,
557,46461,SHR,10/06/2011,8:04:01,10/06/2011 8:04:01,,470,1,10,Regular,182000,187085,,
472,46425,STTD,07/13/2011,11:01:01,07/13/2011 11:01:01,,439,1,10,Regular,108161,115483,,
305,46311,SHR,04/12/2010,10:15:01,04/12/2010 10:15:01,,286,1,10,Regular,223726,223871,,
836,46983,SHR,11/18/2014,8:49:01,11/18/2014 8:49:01,,671,1,10,Low,570536,575000,,"Jet boat used, ebb"
834,46977,SHR,11/04/2014,9:10:01,11/04/2014 9:10:01,,669,1,10,Low,578796,585000,,BOAT/MOTOR
832,46971,SHR,10/22/2014,9:18:01,10/22/2014 9:18:01,,667,1,10,Low,586548,593000,,Motor used (Striker)
